data,pubblicazione,url,fascia,vaccino,popolazione,diagnosi,ricoveri,intensive,decessi,popolazione_giorno,diagnosi_start,diagnosi_end,ricoveri_start,ricoveri_end,intensive_start,intensive_end,decessi_start,decessi_end,totale,percentuale_popolazione,percentuale_diagnosi,percentuale_ricoveri,percentuale_intensive,percentuale_decessi
2021-07-14,2021-07-16,https://www.epicentro.iss.it/coronavirus/bollettino/Bollettino-sorveglianza-integrata-COVID-19_14-luglio-2021.pdf,12-39,non vaccinati,14011891,13549,513,13,7,2021-06-26,2021-06-11,2021-07-11,2021-06-04,2021-07-04,2021-06-04,2021-07-04,2021-05-21,2021-06-20,17435555,0.8036389435266041,0.0009669644161519669,3.661176068240896e-05,9.277834091058802e-07,4.995756818262432e-07
2021-07-14,2021-07-16,https://www.epicentro.iss.it/coronavirus/bollettino/Bollettino-sorveglianza-integrata-COVID-19_14-luglio-2021.pdf,12-39,vaccinati incompleto,1815895,1243,11,0,1,2021-06-26,2021-06-11,2021-07-11,2021-06-04,2021-07-04,2021-06-04,2021-07-04,2021-05-21,2021-06-20,17435555,0.10414896457267922,0.0006845109436393624,6.0576189702598445e-06,0.0,5.506926336599859e-07
2021-07-14,2021-07-16,https://www.epicentro.iss.it/coronavirus/bollettino/Bollettino-sorveglianza-integrata-COVID-19_14-luglio-2021.pdf,12-39,vaccinati completo,1607769,528,4,0,0,2021-06-26,2021-06-11,2021-07-11,2021-06-04,2021-07-04,2021-06-04,2021-07-04,2021-05-21,2021-06-20,17435555,0.09221209190071666,0.000328405386594716,2.4879195954145154e-06,0.0,0.0
2021-07-14,2021-07-16,https://www.epicentro.iss.it/coronavirus/bollettino/Bollettino-sorveglianza-integrata-COVID-19_14-luglio-2021.pdf,40-59,non vaccinati,9340510,5747,779,66,45,2021-06-26,2021-06-11,2021-07-11,2021-06-04,2021-07-04,2021-06-04,2021-07-04,2021-05-21,2021-06-20,18447460,0.5063304107991019,0.0006152768960153139,8.340015695074466e-05,7.065995325737032e-06,4.817724085729794e-06
2021-07-14,2021-07-16,https://www.epicentro.iss.it/coronavirus/bollettino/Bollettino-sorveglianza-integrata-COVID-19_14-luglio-2021.pdf,40-59,vaccinati incompleto,5502988,1586,51,3,4,2021-06-26,2021-06-11,2021-07-11,2021-06-04,2021-07-04,2021-06-04,2021-07-04,2021-05-21,2021-06-20,18447460,0.2983059998503859,0.00028820706132740974,9.267692388208006e-06,5.451583757769416e-07,7.268778343692554e-07
2021-07-14,2021-07-16,https://www.epicentro.iss.it/coronavirus/bollettino/Bollettino-sorveglianza-integrata-COVID-19_14-luglio-2021.pdf,40-59,vaccinati completo,3603962,727,24,0,1,2021-06-26,2021-06-11,2021-07-11,2021-06-04,2021-07-04,2021-06-04,2021-07-04,2021-05-21,2021-06-20,18447460,0.1953635893505122,0.00020172243769495904,6.659337695569487e-06,0.0,2.7747240398206195e-07
2021-07-14,2021-07-16,https://www.epicentro.iss.it/coronavirus/bollettino/Bollettino-sorveglianza-integrata-COVID-19_14-luglio-2021.pdf,60-79,non vaccinati,3251872,1491,420,47,158,2021-06-26,2021-06-11,2021-07-11,2021-06-04,2021-07-04,2021-06-04,2021-07-04,2021-05-21,2021-06-20,13572779,0.2395877808074529,0.0004585051318133063,0.00012915637515867784,1.4453213410613947e-05,4.858739827397881e-05
2021-07-14,2021-07-16,https://www.epicentro.iss.it/coronavirus/bollettino/Bollettino-sorveglianza-integrata-COVID-19_14-luglio-2021.pdf,60-79,vaccinati incompleto,5415352,1067,151,17,46,2021-06-26,2021-06-11,2021-07-11,2021-06-04,2021-07-04,2021-06-04,2021-07-04,2021-05-21,2021-06-20,13572779,0.39898623561173435,0.00019703243667262995,2.788369066313695e-05,3.139223452141246e-06,8.494369341088077e-06
2021-07-14,2021-07-16,https://www.epicentro.iss.it/coronavirus/bollettino/Bollettino-sorveglianza-integrata-COVID-19_14-luglio-2021.pdf,60-79,vaccinati completo,4905555,568,70,2,12,2021-06-26,2021-06-11,2021-07-11,2021-06-04,2021-07-04,2021-06-04,2021-07-04,2021-05-21,2021-06-20,13572779,0.36142598358081274,0.00011578710258064582,1.4269537289868323e-05,4.0770106542480923e-07,2.446206392548855e-06
2021-07-14,2021-07-16,https://www.epicentro.iss.it/coronavirus/bollettino/Bollettino-sorveglianza-integrata-COVID-19_14-luglio-2021.pdf,80+,non vaccinati,460790,302,168,21,147,2021-06-26,2021-06-11,2021-07-11,2021-06-04,2021-07-04,2021-06-04,2021-07-04,2021-05-21,2021-06-20,4554107,0.10118119754322856,0.0006553961674515506,0.00036459124546973676,4.5573905683717095e-05,0.0003190173397860197
2021-07-14,2021-07-16,https://www.epicentro.iss.it/coronavirus/bollettino/Bollettino-sorveglianza-integrata-COVID-19_14-luglio-2021.pdf,80+,vaccinati incompleto,281202,58,27,0,21,2021-06-26,2021-06-11,2021-07-11,2021-06-04,2021-07-04,2021-06-04,2021-07-04,2021-05-21,2021-06-20,4554107,0.061746902301592826,0.00020625742348916436,9.601638679667997e-05,0.0,7.46794119529733e-05
2021-07-14,2021-07-16,https://www.epicentro.iss.it/coronavirus/bollettino/Bollettino-sorveglianza-integrata-COVID-19_14-luglio-2021.pdf,80+,vaccinati completo,3812115,487,142,5,55,2021-06-26,2021-06-11,2021-07-11,2021-06-04,2021-07-04,2021-06-04,2021-07-04,2021-05-21,2021-06-20,4554107,0.8370719001551786,0.0001277506056349297,3.724966324468176e-05,1.3116078607282309e-06,1.4427686468010541e-05
2021-07-21,2021-07-23,https://www.epicentro.iss.it/coronavirus/bollettino/Bollettino-sorveglianza-integrata-COVID-19_21-luglio-2021.pdf,12-39,non vaccinati,13017353,19080,485,11,3,2021-07-03,2021-06-18,2021-07-18,2021-06-11,2021-07-11,2021-06-11,2021-07-11,2021-05-28,2021-06-27,17435555,0.7465981438503104,0.001465735775929254,3.725795866486835e-05,8.4502586662588e-07,2.304615999888764e-07
2021-07-21,2021-07-23,https://www.epicentro.iss.it/coronavirus/bollettino/Bollettino-sorveglianza-integrata-COVID-19_21-luglio-2021.pdf,12-39,vaccinati incompleto,2651558,3313,18,0,1,2021-07-03,2021-06-18,2021-07-18,2021-06-11,2021-07-11,2021-06-11,2021-07-11,2021-05-28,2021-06-27,17435555,0.15207763676005726,0.001249454094536118,6.78846172702992e-06,0.0,3.7713676261277334e-07
2021-07-21,2021-07-23,https://www.epicentro.iss.it/coronavirus/bollettino/Bollettino-sorveglianza-integrata-COVID-19_21-luglio-2021.pdf,12-39,vaccinati completo,1766644,1167,9,0,0,2021-07-03,2021-06-18,2021-07-18,2021-06-11,2021-07-11,2021-06-11,2021-07-11,2021-05-28,2021-06-27,17435555,0.10132421938963228,0.000660574513031488,5.094404984818673e-06,0.0,0.0
2021-07-21,2021-07-23,https://www.epicentro.iss.it/coronavirus/bollettino/Bollettino-sorveglianza-integrata-COVID-19_21-luglio-2021.pdf,40-59,non vaccinati,8163811,5457,556,52,38,2021-07-03,2021-06-18,2021-07-18,2021-06-11,2021-07-11,2021-06-11,2021-07-11,2021-05-28,2021-06-27,18447460,0.44254390577347774,0.0006684378166030546,6.81054473211102e-05,6.369574209888005e-06,4.654688845687388e-06
2021-07-21,2021-07-23,https://www.epicentro.iss.it/coronavirus/bollettino/Bollettino-sorveglianza-integrata-COVID-19_21-luglio-2021.pdf,40-59,vaccinati incompleto,6157091,2357,50,0,4,2021-07-03,2021-06-18,2021-07-18,2021-06-11,2021-07-11,2021-06-11,2021-07-11,2021-05-28,2021-06-27,18447460,0.33376361840600277,0.00038281064873005777,8.120718046882854e-06,0.0,6.496574437506283e-07
2021-07-21,2021-07-23,https://www.epicentro.iss.it/coronavirus/bollettino/Bollettino-sorveglianza-integrata-COVID-19_21-luglio-2021.pdf,40-59,vaccinati completo,4126558,1256,22,0,1,2021-07-03,2021-06-18,2021-07-18,2021-06-11,2021-07-11,2021-06-11,2021-07-11,2021-05-28,2021-06-27,18447460,0.22369247582051946,0.0003043698889001439,5.331319710034367e-06,0.0,2.4233271409247125e-07
2021-07-21,2021-07-23,https://www.epicentro.iss.it/coronavirus/bollettino/Bollettino-sorveglianza-integrata-COVID-19_21-luglio-2021.pdf,60-79,non vaccinati,3118561,1446,317,42,103,2021-07-03,2021-06-18,2021-07-18,2021-06-11,2021-07-11,2021-06-11,2021-07-11,2021-05-28,2021-06-27,13572779,0.2297658423525499,0.00046367539387557276,0.00010164944665183718,1.346775002958095e-05,3.302805364397233e-05
2021-07-21,2021-07-23,https://www.epicentro.iss.it/coronavirus/bollettino/Bollettino-sorveglianza-integrata-COVID-19_21-luglio-2021.pdf,60-79,vaccinati incompleto,4825699,1090,113,13,30,2021-07-03,2021-06-18,2021-07-18,2021-06-11,2021-07-11,2021-06-11,2021-07-11,2021-05-28,2021-06-27,13572779,0.3555424427083061,0.00022587401327766194,2.3416296789335598e-05,2.6939102501005554e-06,6.216715961770513e-06
2021-07-21,2021-07-23,https://www.epicentro.iss.it/coronavirus/bollettino/Bollettino-sorveglianza-integrata-COVID-19_21-luglio-2021.pdf,60-79,vaccinati completo,5628519,830,65,4,10,2021-07-03,2021-06-18,2021-07-18,2021-06-11,2021-07-11,2021-06-11,2021-07-11,2021-05-28,2021-06-27,13572779,0.41469171493914403,0.00014746330251350312,1.154833091973217e-05,7.106665181373644e-07,1.776666295343411e-06
2021-07-21,2021-07-23,https://www.epicentro.iss.it/coronavirus/bollettino/Bollettino-sorveglianza-integrata-COVID-19_21-luglio-2021.pdf,80+,non vaccinati,446128,301,125,12,106,2021-07-03,2021-06-18,2021-07-18,2021-06-11,2021-07-11,2021-06-11,2021-07-11,2021-05-28,2021-06-27,4554107,0.09796168601220832,0.0006746942581501273,0.00028018864541118246,2.6898109959473515e-05,0.00023759997130868272
2021-07-21,2021-07-23,https://www.epicentro.iss.it/coronavirus/bollettino/Bollettino-sorveglianza-integrata-COVID-19_21-luglio-2021.pdf,80+,vaccinati incompleto,245504,53,18,1,12,2021-07-03,2021-06-18,2021-07-18,2021-06-11,2021-07-11,2021-06-11,2021-07-11,2021-05-28,2021-06-27,4554107,0.05390826346416542,0.00021588242961418145,7.331856100104276e-05,4.07325338894682e-06,4.8879040667361837e-05
2021-07-21,2021-07-23,https://www.epicentro.iss.it/coronavirus/bollettino/Bollettino-sorveglianza-integrata-COVID-19_21-luglio-2021.pdf,80+,vaccinati completo,3862475,552,128,4,35,2021-07-03,2021-06-18,2021-07-18,2021-06-11,2021-07-11,2021-06-11,2021-07-11,2021-05-28,2021-06-27,4554107,0.8481300505236262,0.0001429135463659959,3.313937307037586e-05,1.0356054084492455e-06,9.0615473239309e-06
2021-07-28,2021-07-30,https://www.epicentro.iss.it/coronavirus/bollettino/Bollettino-sorveglianza-integrata-COVID-19_28-luglio-2021.pdf,12-39,non vaccinati,11988272,30626,616,15,4,2021-07-10,2021-06-25,2021-07-25,2021-06-18,2021-07-18,2021-06-18,2021-07-18,2021-06-04,2021-07-04,17435555,0.687576162617135,0.0025546634243867675,5.138355219167533e-05,1.251222861810276e-06,3.3365942981607355e-07
2021-07-28,2021-07-30,https://www.epicentro.iss.it/coronavirus/bollettino/Bollettino-sorveglianza-integrata-COVID-19_28-luglio-2021.pdf,12-39,vaccinati incompleto,3457775,6829,37,0,0,2021-07-10,2021-06-25,2021-07-25,2021-06-18,2021-07-18,2021-06-18,2021-07-18,2021-06-04,2021-07-04,17435555,0.1983174610730774,0.001974969452899625,1.0700522734995771e-05,0.0,0.0
2021-07-28,2021-07-30,https://www.epicentro.iss.it/coronavirus/bollettino/Bollettino-sorveglianza-integrata-COVID-19_28-luglio-2021.pdf,12-39,vaccinati completo,1989508,2291,13,0,0,2021-07-10,2021-06-25,2021-07-25,2021-06-18,2021-07-18,2021-06-18,2021-07-18,2021-06-04,2021-07-04,17435555,0.11410637630978768,0.0011515409840020749,6.5342788267249995e-06,0.0,0.0
2021-07-28,2021-07-30,https://www.epicentro.iss.it/coronavirus/bollettino/Bollettino-sorveglianza-integrata-COVID-19_28-luglio-2021.pdf,40-59,non vaccinati,7432135,7782,548,48,30,2021-07-10,2021-06-25,2021-07-25,2021-06-18,2021-07-18,2021-06-18,2021-07-18,2021-06-04,2021-07-04,18447460,0.40288120966246843,0.0010470746292956196,7.373385978591616e-05,6.458440273218934e-06,4.036525170761834e-06
2021-07-28,2021-07-30,https://www.epicentro.iss.it/coronavirus/bollettino/Bollettino-sorveglianza-integrata-COVID-19_28-luglio-2021.pdf,40-59,vaccinati incompleto,6004517,3717,60,0,2,2021-07-10,2021-06-25,2021-07-25,2021-06-18,2021-07-18,2021-06-18,2021-07-18,2021-06-04,2021-07-04,18447460,0.32549288628353173,0.0006190339705924723,9.992477329983411e-06,0.0,3.330825776661137e-07
2021-07-28,2021-07-30,https://www.epicentro.iss.it/coronavirus/bollettino/Bollettino-sorveglianza-integrata-COVID-19_28-luglio-2021.pdf,40-59,vaccinati completo,5010808,2598,37,2,1,2021-07-10,2021-06-25,2021-07-25,2021-06-18,2021-07-18,2021-06-18,2021-07-18,2021-06-04,2021-07-04,18447460,0.27162590405399983,0.0005184792552418692,7.38403866202816e-06,3.9913722497449515e-07,1.9956861248724758e-07
2021-07-28,2021-07-30,https://www.epicentro.iss.it/coronavirus/bollettino/Bollettino-sorveglianza-integrata-COVID-19_28-luglio-2021.pdf,60-79,non vaccinati,3023125,1951,332,45,67,2021-07-10,2021-06-25,2021-07-25,2021-06-18,2021-07-18,2021-06-18,2021-07-18,2021-06-04,2021-07-04,13572779,0.2227344157007198,0.0006453586934050031,0.0001098201364482117,1.4885259458341948e-05,2.2162497415753568e-05
2021-07-28,2021-07-30,https://www.epicentro.iss.it/coronavirus/bollettino/Bollettino-sorveglianza-integrata-COVID-19_28-luglio-2021.pdf,60-79,vaccinati incompleto,4078538,1423,108,10,22,2021-07-10,2021-06-25,2021-07-25,2021-06-18,2021-07-18,2021-06-18,2021-07-18,2021-06-04,2021-07-04,13572779,0.3004939519018176,0.0003488995321362704,2.64800769295272e-05,2.451858974956222e-06,5.394089744903688e-06
2021-07-28,2021-07-30,https://www.epicentro.iss.it/coronavirus/bollettino/Bollettino-sorveglianza-integrata-COVID-19_28-luglio-2021.pdf,60-79,vaccinati completo,6471116,1545,87,8,7,2021-07-10,2021-06-25,2021-07-25,2021-06-18,2021-07-18,2021-06-18,2021-07-18,2021-06-04,2021-07-04,13572779,0.4767716323974626,0.00023875325368916274,1.3444357974729553e-05,1.2362628022739818e-06,1.0817299519897341e-06
2021-07-28,2021-07-30,https://www.epicentro.iss.it/coronavirus/bollettino/Bollettino-sorveglianza-integrata-COVID-19_28-luglio-2021.pdf,80+,non vaccinati,435635,370,123,15,68,2021-07-10,2021-06-25,2021-07-25,2021-06-18,2021-07-18,2021-06-18,2021-07-18,2021-06-04,2021-07-04,4554107,0.09565761190942593,0.0008493348789697798,0.0002823464597656295,3.443249509336945e-05,0.00015609397775660818
2021-07-28,2021-07-30,https://www.epicentro.iss.it/coronavirus/bollettino/Bollettino-sorveglianza-integrata-COVID-19_28-luglio-2021.pdf,80+,vaccinati incompleto,200300,63,11,1,6,2021-07-10,2021-06-25,2021-07-25,2021-06-18,2021-07-18,2021-06-18,2021-07-18,2021-06-04,2021-07-04,4554107,0.04398227797458426,0.0003145282076884673,5.491762356465302e-05,4.992511233150274e-06,2.995506739890165e-05
2021-07-28,2021-07-30,https://www.epicentro.iss.it/coronavirus/bollettino/Bollettino-sorveglianza-integrata-COVID-19_28-luglio-2021.pdf,80+,vaccinati completo,3918172,843,143,6,30,2021-07-10,2021-06-25,2021-07-25,2021-06-18,2021-07-18,2021-06-18,2021-07-18,2021-06-04,2021-07-04,4554107,0.8603601101159898,0.00021515135119132086,3.6496611174802944e-05,1.531326342998725e-06,7.656631714993625e-06
2021-08-04,2021-08-06,https://www.epicentro.iss.it/coronavirus/bollettino/Bollettino-sorveglianza-integrata-COVID-19_4-agosto-2021.pdf,12-39,non vaccinati,10874565,45110,870,26,2,2021-07-17,2021-07-02,2021-08-01,2021-06-25,2021-07-25,2021-06-25,2021-07-25,2021-06-11,2021-07-11,17435555,0.6237005360597928,0.004148211905487714,8.000320012800512e-05,2.3909002337104977e-06,1.8391540259311523e-07
2021-08-04,2021-08-06,https://www.epicentro.iss.it/coronavirus/bollettino/Bollettino-sorveglianza-integrata-COVID-19_4-agosto-2021.pdf,12-39,vaccinati incompleto,4335470,10523,62,0,0,2021-07-17,2021-07-02,2021-08-01,2021-06-25,2021-07-25,2021-06-25,2021-07-25,2021-06-11,2021-07-11,17435555,0.24865683942954497,0.0024271878250800953,1.4300640991634125e-05,0.0,0.0
2021-08-04,2021-08-06,https://www.epicentro.iss.it/coronavirus/bollettino/Bollettino-sorveglianza-integrata-COVID-19_4-agosto-2021.pdf,12-39,vaccinati completo,2225520,3714,26,0,0,2021-07-17,2021-07-02,2021-08-01,2021-06-25,2021-07-25,2021-06-25,2021-07-25,2021-06-11,2021-07-11,17435555,0.12764262451066227,0.001668823465976491,1.168266292821453e-05,0.0,0.0
2021-08-04,2021-08-06,https://www.epicentro.iss.it/coronavirus/bollettino/Bollettino-sorveglianza-integrata-COVID-19_4-agosto-2021.pdf,40-59,non vaccinati,7042798,11774,755,55,26,2021-07-17,2021-07-02,2021-08-01,2021-06-25,2021-07-25,2021-06-25,2021-07-25,2021-06-11,2021-07-11,18447460,0.3817760277024588,0.0016717787447545706,0.00010720171159246652,7.809396208722726e-06,3.6917145713961977e-06
2021-08-04,2021-08-06,https://www.epicentro.iss.it/coronavirus/bollettino/Bollettino-sorveglianza-integrata-COVID-19_4-agosto-2021.pdf,40-59,vaccinati incompleto,5406031,5001,80,2,0,2021-07-17,2021-07-02,2021-08-01,2021-06-25,2021-07-25,2021-06-25,2021-07-25,2021-06-11,2021-07-11,18447460,0.2930501543301896,0.0009250779361050648,1.4798287320216995e-05,3.699571830054249e-07,0.0
2021-08-04,2021-08-06,https://www.epicentro.iss.it/coronavirus/bollettino/Bollettino-sorveglianza-integrata-COVID-19_4-agosto-2021.pdf,40-59,vaccinati completo,5998631,4511,60,4,0,2021-07-17,2021-07-02,2021-08-01,2021-06-25,2021-07-25,2021-06-25,2021-07-25,2021-06-11,2021-07-11,18447460,0.3251738179673516,0.0007520049157882857,1.0002282187385755e-05,6.668188124923837e-07,0.0
2021-08-04,2021-08-06,https://www.epicentro.iss.it/coronavirus/bollettino/Bollettino-sorveglianza-integrata-COVID-19_4-agosto-2021.pdf,60-79,non vaccinati,2946662,2849,453,74,52,2021-07-17,2021-07-02,2021-08-01,2021-06-25,2021-07-25,2021-06-25,2021-07-25,2021-06-11,2021-07-11,13572779,0.21710086047964092,0.0009668567348409828,0.00015373327514319593,2.511316194392163e-05,1.764708677140439e-05
2021-08-04,2021-08-06,https://www.epicentro.iss.it/coronavirus/bollettino/Bollettino-sorveglianza-integrata-COVID-19_4-agosto-2021.pdf,60-79,vaccinati incompleto,3243966,1813,133,9,14,2021-07-17,2021-07-02,2021-08-01,2021-06-25,2021-07-25,2021-06-25,2021-07-25,2021-06-11,2021-07-11,13572779,0.23900529139979365,0.000558883786081605,4.0999196662357126e-05,2.774381729031685e-06,4.3157049118270664e-06
2021-08-04,2021-08-06,https://www.epicentro.iss.it/coronavirus/bollettino/Bollettino-sorveglianza-integrata-COVID-19_4-agosto-2021.pdf,60-79,vaccinati completo,7382151,2770,131,13,5,2021-07-17,2021-07-02,2021-08-01,2021-06-25,2021-07-25,2021-06-25,2021-07-25,2021-06-11,2021-07-11,13572779,0.5438938481205654,0.0003752293877489095,1.7745505341193916e-05,1.7610043468360374e-06,6.773093641677066e-07
2021-08-04,2021-08-06,https://www.epicentro.iss.it/coronavirus/bollettino/Bollettino-sorveglianza-integrata-COVID-19_4-agosto-2021.pdf,80+,non vaccinati,425736,534,156,14,48,2021-07-17,2021-07-02,2021-08-01,2021-06-25,2021-07-25,2021-06-25,2021-07-25,2021-06-11,2021-07-11,4554107,0.09348396952465104,0.0012542984384689103,0.0003664242629235019,3.288422872390401e-05,0.0001127459270533852
2021-08-04,2021-08-06,https://www.epicentro.iss.it/coronavirus/bollettino/Bollettino-sorveglianza-integrata-COVID-19_4-agosto-2021.pdf,80+,vaccinati incompleto,164209,83,17,0,4,2021-07-17,2021-07-02,2021-08-01,2021-06-25,2021-07-25,2021-06-25,2021-07-25,2021-06-11,2021-07-11,4554107,0.03605734340453573,0.0005054534160734187,0.00010352660329214599,0.0,2.4359200774622586e-05
2021-08-04,2021-08-06,https://www.epicentro.iss.it/coronavirus/bollettino/Bollettino-sorveglianza-integrata-COVID-19_4-agosto-2021.pdf,80+,vaccinati completo,3964162,1338,187,6,29,2021-07-17,2021-07-02,2021-08-01,2021-06-25,2021-07-25,2021-06-25,2021-07-25,2021-06-11,2021-07-11,4554107,0.8704586870708132,0.00033752404669637617,4.717264329762507e-05,1.513560747517382e-06,7.3155436130006795e-06
2021-08-11,2021-08-13,https://www.epicentro.iss.it/coronavirus/bollettino/Bollettino-sorveglianza-integrata-COVID-19_11-agosto-2021.pdf,12-39,non vaccinati,10220321,58875,1129,42,1,2021-07-24,2021-07-09,2021-08-08,2021-07-02,2021-08-01,2021-07-02,2021-08-01,2021-06-18,2021-07-18,17435555,0.5861769814611579,0.00576058227525339,0.0001104661976859631,4.109459967059743e-06,9.784428492999388e-08
2021-08-11,2021-08-13,https://www.epicentro.iss.it/coronavirus/bollettino/Bollettino-sorveglianza-integrata-COVID-19_11-agosto-2021.pdf,12-39,vaccinati incompleto,4558902,13561,93,2,0,2021-07-24,2021-07-09,2021-08-08,2021-07-02,2021-08-01,2021-07-02,2021-08-01,2021-06-18,2021-07-18,17435555,0.2614715734600935,0.0029746197658997715,2.0399648862818285e-05,4.387021260821136e-07,0.0
2021-08-11,2021-08-13,https://www.epicentro.iss.it/coronavirus/bollettino/Bollettino-sorveglianza-integrata-COVID-19_11-agosto-2021.pdf,12-39,vaccinati completo,2656332,5552,34,0,0,2021-07-24,2021-07-09,2021-08-08,2021-07-02,2021-08-01,2021-07-02,2021-08-01,2021-06-18,2021-07-18,17435555,0.15235144507874857,0.002090100183260225,1.2799604868668525e-05,0.0,0.0
2021-08-11,2021-08-13,https://www.epicentro.iss.it/coronavirus/bollettino/Bollettino-sorveglianza-integrata-COVID-19_11-agosto-2021.pdf,40-59,non vaccinati,6790774,16853,1081,82,24,2021-07-24,2021-07-09,2021-08-08,2021-07-02,2021-08-01,2021-07-02,2021-08-01,2021-06-18,2021-07-18,18447460,0.3681143095038558,0.0024817495030757908,0.0001591865669509838,1.2075206743737902e-05,3.534206851825727e-06
2021-08-11,2021-08-13,https://www.epicentro.iss.it/coronavirus/bollettino/Bollettino-sorveglianza-integrata-COVID-19_11-agosto-2021.pdf,40-59,vaccinati incompleto,4302256,5801,101,6,2,2021-07-24,2021-07-09,2021-08-08,2021-07-02,2021-08-01,2021-07-02,2021-08-01,2021-06-18,2021-07-18,18447460,0.23321671384570017,0.0013483623475683455,2.3476055353284416e-05,1.3946171497000643e-06,4.648723832333548e-07
2021-08-11,2021-08-13,https://www.epicentro.iss.it/coronavirus/bollettino/Bollettino-sorveglianza-integrata-COVID-19_11-agosto-2021.pdf,40-59,vaccinati completo,7354430,6873,89,6,0,2021-07-24,2021-07-09,2021-08-08,2021-07-02,2021-08-01,2021-07-02,2021-08-01,2021-06-18,2021-07-18,18447460,0.39866897665044404,0.0009345387745889213,1.2101549678221154e-05,8.158348097677182e-07,0.0
2021-08-11,2021-08-13,https://www.epicentro.iss.it/coronavirus/bollettino/Bollettino-sorveglianza-integrata-COVID-19_11-agosto-2021.pdf,60-79,non vaccinati,2893691,4101,637,104,64,2021-07-24,2021-07-09,2021-08-08,2021-07-02,2021-08-01,2021-07-02,2021-08-01,2021-06-18,2021-07-18,13572779,0.21319812250682046,0.0014172211200159243,0.00022013407789567028,3.594025761561964e-05,2.2117081609612082e-05
2021-08-11,2021-08-13,https://www.epicentro.iss.it/coronavirus/bollettino/Bollettino-sorveglianza-integrata-COVID-19_11-agosto-2021.pdf,60-79,vaccinati incompleto,2343633,2104,160,13,7,2021-07-24,2021-07-09,2021-08-08,2021-07-02,2021-08-01,2021-07-02,2021-08-01,2021-06-18,2021-07-18,13572779,0.17267156563884228,0.0008977514824206691,6.827007470879612e-05,5.546943570089685e-06,2.9868157685098308e-06
2021-08-11,2021-08-13,https://www.epicentro.iss.it/coronavirus/bollettino/Bollettino-sorveglianza-integrata-COVID-19_11-agosto-2021.pdf,60-79,vaccinati completo,8335455,4445,210,17,6,2021-07-24,2021-07-09,2021-08-08,2021-07-02,2021-08-01,2021-07-02,2021-08-01,2021-06-18,2021-07-18,13572779,0.6141303118543373,0.0005332642309268061,2.519358571307745e-05,2.039480748201508e-06,7.198167346593558e-07
2021-08-11,2021-08-13,https://www.epicentro.iss.it/coronavirus/bollettino/Bollettino-sorveglianza-integrata-COVID-19_11-agosto-2021.pdf,80+,non vaccinati,418020,756,220,19,54,2021-07-24,2021-07-09,2021-08-08,2021-07-02,2021-08-01,2021-07-02,2021-08-01,2021-06-18,2021-07-18,4554107,0.09178967468265457,0.001808525907851299,0.0005262906081048754,4.545237069996651e-05,0.0001291804219893785
2021-08-11,2021-08-13,https://www.epicentro.iss.it/coronavirus/bollettino/Bollettino-sorveglianza-integrata-COVID-19_11-agosto-2021.pdf,80+,vaccinati incompleto,136645,104,26,1,5,2021-07-24,2021-07-09,2021-08-08,2021-07-02,2021-08-01,2021-07-02,2021-08-01,2021-06-18,2021-07-18,4554107,0.03000478469214711,0.0007610962713600936,0.0001902740678400234,7.31823337846244e-06,3.6591166892312195e-05
2021-08-11,2021-08-13,https://www.epicentro.iss.it/coronavirus/bollettino/Bollettino-sorveglianza-integrata-COVID-19_11-agosto-2021.pdf,80+,vaccinati completo,3999442,2017,294,11,28,2021-07-24,2021-07-09,2021-08-08,2021-07-02,2021-08-01,2021-07-02,2021-08-01,2021-06-18,2021-07-18,4554107,0.8782055406251983,0.0005043203526892002,7.351025468052793e-05,2.750383678523154e-06,7.0009766362407555e-06
2021-08-18,2021-08-20,https://www.epicentro.iss.it/coronavirus/bollettino/Bollettino-sorveglianza-integrata-COVID-19_18-agosto-2021.pdf,12-39,non vaccinati,9409901,67101,1373,49,4,2021-07-31,2021-07-16,2021-08-15,2021-07-09,2021-08-08,2021-07-09,2021-08-08,2021-06-25,2021-07-25,17435555,0.5396960980020423,0.007130893300577764,0.00014591014294411812,5.207281139302103e-06,4.250841746369064e-07
2021-08-18,2021-08-20,https://www.epicentro.iss.it/coronavirus/bollettino/Bollettino-sorveglianza-integrata-COVID-19_18-agosto-2021.pdf,12-39,vaccinati incompleto,4366588,14327,110,2,0,2021-07-31,2021-07-16,2021-08-15,2021-07-09,2021-08-08,2021-07-09,2021-08-08,2021-06-25,2021-07-25,17435555,0.25044158330491917,0.0032810514754311603,2.5191293522539797e-05,4.5802351859163263e-07,0.0
2021-08-18,2021-08-20,https://www.epicentro.iss.it/coronavirus/bollettino/Bollettino-sorveglianza-integrata-COVID-19_18-agosto-2021.pdf,12-39,vaccinati completo,3659066,7195,57,0,0,2021-07-31,2021-07-16,2021-08-15,2021-07-09,2021-08-08,2021-07-09,2021-08-08,2021-06-25,2021-07-25,17435555,0.20986231869303845,0.0019663487895544927,1.5577745796331633e-05,0.0,0.0
2021-08-18,2021-08-20,https://www.epicentro.iss.it/coronavirus/bollettino/Bollettino-sorveglianza-integrata-COVID-19_18-agosto-2021.pdf,40-59,non vaccinati,5754829,21581,1455,121,28,2021-07-31,2021-07-16,2021-08-15,2021-07-09,2021-08-08,2021-07-09,2021-08-08,2021-06-25,2021-07-25,18447460,0.3119577979841127,0.003750067986381524,0.00025283114407048413,2.1025820228541977e-05,4.86547906115021e-06
2021-08-18,2021-08-20,https://www.epicentro.iss.it/coronavirus/bollettino/Bollettino-sorveglianza-integrata-COVID-19_18-agosto-2021.pdf,40-59,vaccinati incompleto,3425683,5897,125,8,5,2021-07-31,2021-07-16,2021-08-15,2021-07-09,2021-08-08,2021-07-09,2021-08-08,2021-06-25,2021-07-25,18447460,0.18569944046497458,0.0017214085483099283,3.648907385768035e-05,2.3353007268915426e-06,1.459562954307214e-06
2021-08-18,2021-08-20,https://www.epicentro.iss.it/coronavirus/bollettino/Bollettino-sorveglianza-integrata-COVID-19_18-agosto-2021.pdf,40-59,vaccinati completo,9266948,9003,121,7,2,2021-07-31,2021-07-16,2021-08-15,2021-07-09,2021-08-08,2021-07-09,2021-08-08,2021-06-25,2021-07-25,18447460,0.5023427615509127,0.0009715172676052568,1.3057157545288913e-05,7.55372750553904e-07,2.1582078587254402e-07
2021-08-18,2021-08-20,https://www.epicentro.iss.it/coronavirus/bollettino/Bollettino-sorveglianza-integrata-COVID-19_18-agosto-2021.pdf,60-79,non vaccinati,2083299,5553,893,140,80,2021-07-31,2021-07-16,2021-08-15,2021-07-09,2021-08-08,2021-07-09,2021-08-08,2021-06-25,2021-07-25,13572779,0.15349096894600583,0.00266548392717512,0.00042864706410361645,6.720110747425117e-05,3.840063284242924e-05
2021-08-18,2021-08-20,https://www.epicentro.iss.it/coronavirus/bollettino/Bollettino-sorveglianza-integrata-COVID-19_18-agosto-2021.pdf,60-79,vaccinati incompleto,2020243,2221,176,11,9,2021-07-31,2021-07-16,2021-08-15,2021-07-09,2021-08-08,2021-07-09,2021-08-08,2021-06-25,2021-07-25,13572779,0.14884519964555526,0.0010993726992247963,8.711823280664751e-05,5.444889550415469e-06,4.454909632158112e-06
2021-08-18,2021-08-20,https://www.epicentro.iss.it/coronavirus/bollettino/Bollettino-sorveglianza-integrata-COVID-19_18-agosto-2021.pdf,60-79,vaccinati completo,9469237,6079,325,36,6,2021-07-31,2021-07-16,2021-08-15,2021-07-09,2021-08-08,2021-07-09,2021-08-08,2021-06-25,2021-07-25,13572779,0.6976638314084389,0.0006419735824544258,3.432166709947169e-05,3.8017846633260947e-06,6.336307772210158e-07
2021-08-18,2021-08-20,https://www.epicentro.iss.it/coronavirus/bollettino/Bollettino-sorveglianza-integrata-COVID-19_18-agosto-2021.pdf,80+,non vaccinati,320296,1026,331,24,65,2021-07-31,2021-07-16,2021-08-15,2021-07-09,2021-08-08,2021-07-09,2021-08-08,2021-06-25,2021-07-25,4554107,0.07033124166823485,0.003203286959562405,0.0010334190873442066,7.493068911257087e-05,0.00020293728301321279
2021-08-18,2021-08-20,https://www.epicentro.iss.it/coronavirus/bollettino/Bollettino-sorveglianza-integrata-COVID-19_18-agosto-2021.pdf,80+,vaccinati incompleto,127610,123,33,1,5,2021-07-31,2021-07-16,2021-08-15,2021-07-09,2021-08-08,2021-07-09,2021-08-08,2021-06-25,2021-07-25,4554107,0.028020861169928593,0.0009638743045215892,0.0002586004231643288,7.836376459525116e-06,3.918188229762558e-05
2021-08-18,2021-08-20,https://www.epicentro.iss.it/coronavirus/bollettino/Bollettino-sorveglianza-integrata-COVID-19_18-agosto-2021.pdf,80+,vaccinati completo,4106201,2701,456,18,40,2021-07-31,2021-07-16,2021-08-15,2021-07-09,2021-08-08,2021-07-09,2021-08-08,2021-06-25,2021-07-25,4554107,0.9016478971618366,0.0006577856271526893,0.00011105155349190164,4.383613953627696e-06,9.74136434139488e-06
2021-08-25,2021-08-27,https://www.epicentro.iss.it/coronavirus/bollettino/Bollettino-sorveglianza-integrata-COVID-19_25-agosto-2021.pdf,12-39,non vaccinati,8855576,70440,1578,57,3,2021-08-07,2021-07-23,2021-08-22,2021-07-16,2021-08-15,2021-07-16,2021-08-15,2021-07-02,2021-08-01,17435555,0.5079033044832815,0.007954310368969788,0.00017819281320605233,6.436622530256643e-06,3.3876960685561276e-07
2021-08-25,2021-08-27,https://www.epicentro.iss.it/coronavirus/bollettino/Bollettino-sorveglianza-integrata-COVID-19_25-agosto-2021.pdf,12-39,vaccinati incompleto,3910551,14014,120,4,0,2021-08-07,2021-07-23,2021-08-22,2021-07-16,2021-08-15,2021-07-16,2021-08-15,2021-07-02,2021-08-01,17435555,0.2242860063817871,0.003583638213643039,3.068621276132187e-05,1.022873758710729e-06,0.0
2021-08-25,2021-08-27,https://www.epicentro.iss.it/coronavirus/bollettino/Bollettino-sorveglianza-integrata-COVID-19_25-agosto-2021.pdf,12-39,vaccinati completo,4669428,9428,74,1,0,2021-08-07,2021-07-23,2021-08-22,2021-07-16,2021-08-15,2021-07-16,2021-08-15,2021-07-02,2021-08-01,17435555,0.26781068913493145,0.0020190909893031865,1.5847765507895184e-05,2.1415899334993494e-07,0.0
2021-08-25,2021-08-27,https://www.epicentro.iss.it/coronavirus/bollettino/Bollettino-sorveglianza-integrata-COVID-19_25-agosto-2021.pdf,40-59,non vaccinati,5530037,25710,1906,189,32,2021-08-07,2021-07-23,2021-08-22,2021-07-16,2021-08-15,2021-07-16,2021-08-15,2021-07-02,2021-08-01,18447460,0.29977227217188707,0.004649155150318163,0.0003446631550566479,3.417698651925837e-05,5.786579728128402e-06
2021-08-25,2021-08-27,https://www.epicentro.iss.it/coronavirus/bollettino/Bollettino-sorveglianza-integrata-COVID-19_25-agosto-2021.pdf,40-59,vaccinati incompleto,2366086,5486,138,9,5,2021-08-07,2021-07-23,2021-08-22,2021-07-16,2021-08-15,2021-07-16,2021-08-15,2021-07-02,2021-08-01,18447460,0.12826080121599395,0.0023185970416967094,5.8324169113041536e-05,3.8037501595461872e-06,2.113194533081215e-06
2021-08-25,2021-08-27,https://www.epicentro.iss.it/coronavirus/bollettino/Bollettino-sorveglianza-integrata-COVID-19_25-agosto-2021.pdf,40-59,vaccinati completo,10551337,12300,166,13,3,2021-08-07,2021-07-23,2021-08-22,2021-07-16,2021-08-15,2021-07-16,2021-08-15,2021-07-02,2021-08-01,18447460,0.571966926612119,0.0011657290445751093,1.5732603365810417e-05,1.2320713479249123e-06,2.843241572134413e-07
2021-08-25,2021-08-27,https://www.epicentro.iss.it/coronavirus/bollettino/Bollettino-sorveglianza-integrata-COVID-19_25-agosto-2021.pdf,60-79,non vaccinati,2012350,6934,1257,224,110,2021-08-07,2021-07-23,2021-08-22,2021-07-16,2021-08-15,2021-07-16,2021-08-15,2021-07-02,2021-08-01,13572779,0.14826366803732677,0.0034457226625587,0.0006246428305215296,0.00011131264442070217,5.466245931373767e-05
2021-08-25,2021-08-27,https://www.epicentro.iss.it/coronavirus/bollettino/Bollettino-sorveglianza-integrata-COVID-19_25-agosto-2021.pdf,60-79,vaccinati incompleto,1281222,2052,204,15,13,2021-08-07,2021-07-23,2021-08-22,2021-07-16,2021-08-15,2021-07-16,2021-08-15,2021-07-02,2021-08-01,13572779,0.09439643863647967,0.0016015959763413367,0.0001592229918000159,1.1707572926471759e-05,1.0146563202942192e-05
2021-08-25,2021-08-27,https://www.epicentro.iss.it/coronavirus/bollettino/Bollettino-sorveglianza-integrata-COVID-19_25-agosto-2021.pdf,60-79,vaccinati completo,10279207,8454,461,49,18,2021-08-07,2021-07-23,2021-08-22,2021-07-16,2021-08-15,2021-07-16,2021-08-15,2021-07-02,2021-08-01,13572779,0.7573398933261936,0.0008224369837089573,4.48478175407889e-05,4.766904684378863e-06,1.751107843241215e-06
2021-08-25,2021-08-27,https://www.epicentro.iss.it/coronavirus/bollettino/Bollettino-sorveglianza-integrata-COVID-19_25-agosto-2021.pdf,80+,non vaccinati,310867,1321,421,30,101,2021-08-07,2021-07-23,2021-08-22,2021-07-16,2021-08-15,2021-07-16,2021-08-15,2021-07-02,2021-08-01,4554107,0.06826080283137836,0.004249405694396639,0.001354276909417854,9.650429283262617e-05,0.00032489778586984147
2021-08-25,2021-08-27,https://www.epicentro.iss.it/coronavirus/bollettino/Bollettino-sorveglianza-integrata-COVID-19_25-agosto-2021.pdf,80+,vaccinati incompleto,114534,151,47,2,9,2021-08-07,2021-07-23,2021-08-22,2021-07-16,2021-08-15,2021-07-16,2021-08-15,2021-07-02,2021-08-01,4554107,0.025149606717628725,0.0013183858068346517,0.00041035849616707703,1.7462063666684128e-05,7.857928650007858e-05
2021-08-25,2021-08-27,https://www.epicentro.iss.it/coronavirus/bollettino/Bollettino-sorveglianza-integrata-COVID-19_25-agosto-2021.pdf,80+,vaccinati completo,4128706,3712,648,32,71,2021-08-07,2021-07-23,2021-08-22,2021-07-16,2021-08-15,2021-07-16,2021-08-15,2021-07-02,2021-08-01,4554107,0.906589590450993,0.0008990710406601972,0.0001569499014945603,7.750612419484459e-06,1.7196671305731143e-05
2021-09-01,2021-09-03,https://www.epicentro.iss.it/coronavirus/bollettino/Bollettino-sorveglianza-integrata-COVID-19_1-settembre-2021.pdf,12-39,non vaccinati,8165625,69504,1626,62,4,2021-08-14,2021-07-30,2021-08-29,2021-07-23,2021-08-22,2021-07-23,2021-08-22,2021-07-09,2021-08-08,17435555,0.4683318081930859,0.008511779563719863,0.00019912743972445466,7.5928052047455035e-06,4.898584003061615e-07
2021-09-01,2021-09-03,https://www.epicentro.iss.it/coronavirus/bollettino/Bollettino-sorveglianza-integrata-COVID-19_1-settembre-2021.pdf,12-39,vaccinati incompleto,3447156,12217,105,5,0,2021-08-14,2021-07-30,2021-08-29,2021-07-23,2021-08-22,2021-07-23,2021-08-22,2021-07-09,2021-08-08,17435555,0.19770841822930213,0.0035440809757376806,3.045989215457612e-05,1.4504710549798153e-06,0.0
2021-09-01,2021-09-03,https://www.epicentro.iss.it/coronavirus/bollettino/Bollettino-sorveglianza-integrata-COVID-19_1-settembre-2021.pdf,12-39,vaccinati completo,5822774,11097,93,2,0,2021-08-14,2021-07-30,2021-08-29,2021-07-23,2021-08-22,2021-07-23,2021-08-22,2021-07-09,2021-08-08,17435555,0.333959773577612,0.0019057926685803021,1.597176878237074e-05,3.434788985456073e-07,0.0
2021-09-01,2021-09-03,https://www.epicentro.iss.it/coronavirus/bollettino/Bollettino-sorveglianza-integrata-COVID-19_1-settembre-2021.pdf,40-59,non vaccinati,5263193,28701,2235,249,56,2021-08-14,2021-07-30,2021-08-29,2021-07-23,2021-08-22,2021-07-23,2021-08-22,2021-07-09,2021-08-08,18447460,0.2853071913423311,0.005453153627465305,0.0004246471676033921,4.7309684444404755e-05,1.063992903167336e-05
2021-09-01,2021-09-03,https://www.epicentro.iss.it/coronavirus/bollettino/Bollettino-sorveglianza-integrata-COVID-19_1-settembre-2021.pdf,40-59,vaccinati incompleto,1734907,4766,130,8,6,2021-08-14,2021-07-30,2021-08-29,2021-07-23,2021-08-22,2021-07-23,2021-08-22,2021-07-09,2021-08-08,18447460,0.0940458469621292,0.0027471213154365045,7.493197041685808e-05,4.611198179498959e-06,3.458398634624219e-06
2021-09-01,2021-09-03,https://www.epicentro.iss.it/coronavirus/bollettino/Bollettino-sorveglianza-integrata-COVID-19_1-settembre-2021.pdf,40-59,vaccinati completo,11449360,14601,213,19,8,2021-08-14,2021-07-30,2021-08-29,2021-07-23,2021-08-22,2021-07-23,2021-08-22,2021-07-09,2021-08-08,18447460,0.6206469616955397,0.0012752677878938212,1.8603659942564475e-05,1.6594814033273475e-06,6.987290119273042e-07
2021-09-01,2021-09-03,https://www.epicentro.iss.it/coronavirus/bollettino/Bollettino-sorveglianza-integrata-COVID-19_1-settembre-2021.pdf,60-79,non vaccinati,1926937,8139,1562,286,164,2021-08-14,2021-07-30,2021-08-29,2021-07-23,2021-08-22,2021-07-23,2021-08-22,2021-07-09,2021-08-08,13572779,0.14197070474661083,0.0042238018160427665,0.0008106129053518616,0.00014842208126160844,8.510916547868456e-05
2021-09-01,2021-09-03,https://www.epicentro.iss.it/coronavirus/bollettino/Bollettino-sorveglianza-integrata-COVID-19_1-settembre-2021.pdf,60-79,vaccinati incompleto,776230,1785,195,15,18,2021-08-14,2021-07-30,2021-08-29,2021-07-23,2021-08-22,2021-07-23,2021-08-22,2021-07-09,2021-08-08,13572779,0.057190204010541985,0.0022995761565515376,0.0002512142019762184,1.932416938278603e-05,2.3189003259343236e-05
2021-09-01,2021-09-03,https://www.epicentro.iss.it/coronavirus/bollettino/Bollettino-sorveglianza-integrata-COVID-19_1-settembre-2021.pdf,60-79,vaccinati completo,10869612,10274,607,66,40,2021-08-14,2021-07-30,2021-08-29,2021-07-23,2021-08-22,2021-07-23,2021-08-22,2021-07-09,2021-08-08,13572779,0.8008390912428471,0.0009452039318422773,5.584375964845847e-05,6.07197386622448e-06,3.6799841613481695e-06
2021-09-01,2021-09-03,https://www.epicentro.iss.it/coronavirus/bollettino/Bollettino-sorveglianza-integrata-COVID-19_1-settembre-2021.pdf,80+,non vaccinati,300892,1593,565,44,159,2021-08-14,2021-07-30,2021-08-29,2021-07-23,2021-08-22,2021-07-23,2021-08-22,2021-07-09,2021-08-08,4554107,0.06607047221332304,0.005294258405009107,0.0018777501562022253,0.00014623187057150074,0.0005284288050197414
2021-09-01,2021-09-03,https://www.epicentro.iss.it/coronavirus/bollettino/Bollettino-sorveglianza-integrata-COVID-19_1-settembre-2021.pdf,80+,vaccinati incompleto,107317,157,50,3,13,2021-08-14,2021-07-30,2021-08-29,2021-07-23,2021-08-22,2021-07-23,2021-08-22,2021-07-09,2021-08-08,4554107,0.023564883302039236,0.0014629555429242337,0.00046590940857459676,2.7954564514475804e-05,0.00012113644622939515
2021-09-01,2021-09-03,https://www.epicentro.iss.it/coronavirus/bollettino/Bollettino-sorveglianza-integrata-COVID-19_1-settembre-2021.pdf,80+,vaccinati completo,4145898,4408,875,40,139,2021-08-14,2021-07-30,2021-08-29,2021-07-23,2021-08-22,2021-07-23,2021-08-22,2021-07-09,2021-08-08,4554107,0.9103646444846377,0.0010632195968159372,0.00021105198439517808,9.64809071520814e-06,3.352711523534829e-05
2021-09-08,2021-09-10,https://www.epicentro.iss.it/coronavirus/bollettino/Bollettino-sorveglianza-integrata-COVID-19_8-settembre-2021.pdf,12-39,non vaccinati,7378291,64612,1711,63,7,2021-08-21,2021-08-06,2021-09-05,2021-07-30,2021-08-29,2021-07-30,2021-08-29,2021-07-16,2021-08-15,17435555,0.4231750007384336,0.00875704143412072,0.00023189651912617704,8.538562656311603e-06,9.487291840346227e-07
2021-09-08,2021-09-10,https://www.epicentro.iss.it/coronavirus/bollettino/Bollettino-sorveglianza-integrata-COVID-19_8-settembre-2021.pdf,12-39,vaccinati incompleto,3129839,10267,92,3,1,2021-08-21,2021-08-06,2021-09-05,2021-07-30,2021-08-29,2021-07-30,2021-08-29,2021-07-16,2021-08-15,17435555,0.1795089975627389,0.0032803604274852477,2.939448323060707e-05,9.585157575197958e-07,3.1950525250659856e-07
2021-09-08,2021-09-10,https://www.epicentro.iss.it/coronavirus/bollettino/Bollettino-sorveglianza-integrata-COVID-19_8-settembre-2021.pdf,12-39,vaccinati completo,6927425,11719,105,3,0,2021-08-21,2021-08-06,2021-09-05,2021-07-30,2021-08-29,2021-07-30,2021-08-29,2021-07-16,2021-08-15,17435555,0.39731600169882747,0.001691681974182326,1.5157147136201402e-05,4.330613467486115e-07,0.0
2021-09-08,2021-09-10,https://www.epicentro.iss.it/coronavirus/bollettino/Bollettino-sorveglianza-integrata-COVID-19_8-settembre-2021.pdf,40-59,non vaccinati,4990358,29879,2459,275,85,2021-08-21,2021-08-06,2021-09-05,2021-07-30,2021-08-29,2021-07-30,2021-08-29,2021-07-16,2021-08-15,18447460,0.27051735035609237,0.005987345998022587,0.0004927502195233288,5.5106266925138436e-05,1.7032846140497334e-05
2021-09-08,2021-09-10,https://www.epicentro.iss.it/coronavirus/bollettino/Bollettino-sorveglianza-integrata-COVID-19_8-settembre-2021.pdf,40-59,vaccinati incompleto,1422424,4232,122,8,8,2021-08-21,2021-08-06,2021-09-05,2021-07-30,2021-08-29,2021-07-30,2021-08-29,2021-07-16,2021-08-15,18447460,0.07710676700206966,0.002975202893089543,8.576908151156055e-05,5.6242020663318395e-06,5.6242020663318395e-06
2021-09-08,2021-09-10,https://www.epicentro.iss.it/coronavirus/bollettino/Bollettino-sorveglianza-integrata-COVID-19_8-settembre-2021.pdf,40-59,vaccinati completo,12034678,15993,258,17,10,2021-08-21,2021-08-06,2021-09-05,2021-07-30,2021-08-29,2021-07-30,2021-08-29,2021-07-16,2021-08-15,18447460,0.652375882641838,0.00132890967253133,2.143804761539943e-05,1.412584532797637e-06,8.30932078116257e-07
2021-09-08,2021-09-10,https://www.epicentro.iss.it/coronavirus/bollettino/Bollettino-sorveglianza-integrata-COVID-19_8-settembre-2021.pdf,60-79,non vaccinati,1847629,8631,1771,331,257,2021-08-21,2021-08-06,2021-09-05,2021-07-30,2021-08-29,2021-07-30,2021-08-29,2021-07-16,2021-08-15,13572779,0.1361275388039546,0.004671392362860726,0.0009585257646421441,0.00017914851953503653,0.00013909718888369905
2021-09-08,2021-09-10,https://www.epicentro.iss.it/coronavirus/bollettino/Bollettino-sorveglianza-integrata-COVID-19_8-settembre-2021.pdf,60-79,vaccinati incompleto,552988,1467,187,16,27,2021-08-21,2021-08-06,2021-09-05,2021-07-30,2021-08-29,2021-07-30,2021-08-29,2021-07-16,2021-08-15,13572779,0.040742430124295105,0.0026528604599014806,0.00033816285344347434,2.8933720080725078e-05,4.882565263622357e-05
2021-09-08,2021-09-10,https://www.epicentro.iss.it/coronavirus/bollettino/Bollettino-sorveglianza-integrata-COVID-19_8-settembre-2021.pdf,60-79,vaccinati completo,11172162,11201,736,91,62,2021-08-21,2021-08-06,2021-09-05,2021-07-30,2021-08-29,2021-07-30,2021-08-29,2021-07-16,2021-08-15,13572779,0.8231300310717503,0.0010025812371857838,6.587802790543138e-05,8.145245298090021e-06,5.549507785511882e-06
2021-09-08,2021-09-10,https://www.epicentro.iss.it/coronavirus/bollettino/Bollettino-sorveglianza-integrata-COVID-19_8-settembre-2021.pdf,80+,non vaccinati,291252,1768,638,43,222,2021-08-21,2021-08-06,2021-09-05,2021-07-30,2021-08-29,2021-07-30,2021-08-29,2021-07-16,2021-08-15,4554107,0.06395370157091171,0.006070344581324764,0.0021905428975595017,0.00014763847115212942,0.0007622265254830868
2021-09-08,2021-09-10,https://www.epicentro.iss.it/coronavirus/bollettino/Bollettino-sorveglianza-integrata-COVID-19_8-settembre-2021.pdf,80+,vaccinati incompleto,105042,163,49,3,15,2021-08-21,2021-08-06,2021-09-05,2021-07-30,2021-08-29,2021-07-30,2021-08-29,2021-07-16,2021-08-15,4554107,0.023065334213710834,0.0015517602482816397,0.00046648007463681194,2.856000456960073e-05,0.00014280002284800366
2021-09-08,2021-09-10,https://www.epicentro.iss.it/coronavirus/bollettino/Bollettino-sorveglianza-integrata-COVID-19_8-settembre-2021.pdf,80+,vaccinati completo,4157813,4862,1019,46,208,2021-08-21,2021-08-06,2021-09-05,2021-07-30,2021-08-29,2021-07-30,2021-08-29,2021-07-16,2021-08-15,4554107,0.9129809642153774,0.0011693647597907843,0.0002450807672206518,1.1063508628213919e-05,5.002629988409772e-05
2021-09-15,2021-09-17,https://www.epicentro.iss.it/coronavirus/bollettino/Bollettino-sorveglianza-integrata-COVID-19_15-settembre-2021.pdf,12-39,non vaccinati,6602412,57228,1705,73,9,2021-08-28,2021-08-13,2021-09-12,2021-08-06,2021-09-05,2021-08-06,2021-09-05,2021-07-23,2021-08-22,17435555,0.3786751841280647,0.008667741425406352,0.00025823895873205126,1.1056565388527707e-05,1.3631381985856079e-06
2021-09-15,2021-09-17,https://www.epicentro.iss.it/coronavirus/bollettino/Bollettino-sorveglianza-integrata-COVID-19_15-settembre-2021.pdf,12-39,vaccinati incompleto,3128125,8599,76,2,1,2021-08-28,2021-08-13,2021-09-12,2021-08-06,2021-09-05,2021-08-06,2021-09-05,2021-07-23,2021-08-22,17435555,0.17941069269088367,0.0027489310689310688,2.4295704295704297e-05,6.393606393606393e-07,3.1968031968031966e-07
2021-09-15,2021-09-17,https://www.epicentro.iss.it/coronavirus/bollettino/Bollettino-sorveglianza-integrata-COVID-19_15-settembre-2021.pdf,12-39,vaccinati completo,7705018,11700,111,4,2,2021-08-28,2021-08-13,2021-09-12,2021-08-06,2021-09-05,2021-08-06,2021-09-05,2021-07-23,2021-08-22,17435555,0.4419141231810516,0.0015184909366856769,1.4406196065992318e-05,5.191422005762997e-07,2.5957110028814987e-07
2021-09-15,2021-09-17,https://www.epicentro.iss.it/coronavirus/bollettino/Bollettino-sorveglianza-integrata-COVID-19_15-settembre-2021.pdf,40-59,non vaccinati,4684966,29184,2528,295,114,2021-08-28,2021-08-13,2021-09-12,2021-08-06,2021-09-05,2021-08-06,2021-09-05,2021-07-23,2021-08-22,18447182,0.2539664865885749,0.00622928746974898,0.0005395983663488699,6.296737265542588e-05,2.4333154178706954e-05
2021-09-15,2021-09-17,https://www.epicentro.iss.it/coronavirus/bollettino/Bollettino-sorveglianza-integrata-COVID-19_15-settembre-2021.pdf,40-59,vaccinati incompleto,1379625,3794,116,7,6,2021-08-28,2021-08-13,2021-09-12,2021-08-06,2021-09-05,2021-08-06,2021-09-05,2021-07-23,2021-08-22,18447182,0.07478784564493374,0.0027500226510827216,8.408081906315121e-05,5.073842529672919e-06,4.349007882576787e-06
2021-09-15,2021-09-17,https://www.epicentro.iss.it/coronavirus/bollettino/Bollettino-sorveglianza-integrata-COVID-19_15-settembre-2021.pdf,40-59,vaccinati completo,12382591,16554,283,15,15,2021-08-28,2021-08-13,2021-09-12,2021-08-06,2021-09-05,2021-08-06,2021-09-05,2021-07-23,2021-08-22,18447182,0.6712456677664914,0.0013368769104947422,2.285466749244968e-05,1.2113781356422093e-06,1.2113781356422093e-06
2021-09-15,2021-09-17,https://www.epicentro.iss.it/coronavirus/bollettino/Bollettino-sorveglianza-integrata-COVID-19_15-settembre-2021.pdf,60-79,non vaccinati,1765005,8629,1903,366,353,2021-08-28,2021-08-13,2021-09-12,2021-08-06,2021-09-05,2021-08-06,2021-09-05,2021-07-23,2021-08-22,13572779,0.13004006032957582,0.004888937991677078,0.0010781839144931602,0.00020736485165764404,0.00019999943342936704
2021-09-15,2021-09-17,https://www.epicentro.iss.it/coronavirus/bollettino/Bollettino-sorveglianza-integrata-COVID-19_15-settembre-2021.pdf,60-79,vaccinati incompleto,463925,1171,163,16,31,2021-08-28,2021-08-13,2021-09-12,2021-08-06,2021-09-05,2021-08-06,2021-09-05,2021-07-23,2021-08-22,13572779,0.03418054622417414,0.0025241148892601174,0.00035134989491835967,3.448833324351996e-05,6.682114565931994e-05
2021-09-15,2021-09-17,https://www.epicentro.iss.it/coronavirus/bollettino/Bollettino-sorveglianza-integrata-COVID-19_15-settembre-2021.pdf,60-79,vaccinati completo,11343849,11620,792,88,100,2021-08-28,2021-08-13,2021-09-12,2021-08-06,2021-09-05,2021-08-06,2021-09-05,2021-07-23,2021-08-22,13572779,0.8357793934462501,0.001024343677353251,6.981757250118544e-05,7.757508055687271e-06,8.81535006328099e-06
2021-09-15,2021-09-17,https://www.epicentro.iss.it/coronavirus/bollettino/Bollettino-sorveglianza-integrata-COVID-19_15-settembre-2021.pdf,80+,non vaccinati,281773,1859,705,52,294,2021-08-28,2021-08-13,2021-09-12,2021-08-06,2021-09-05,2021-08-06,2021-09-05,2021-07-23,2021-08-22,4554385,0.06186850694440633,0.006597509342626867,0.002502014032572319,0.0001845457158776746,0.0010433930859237756
2021-09-15,2021-09-17,https://www.epicentro.iss.it/coronavirus/bollettino/Bollettino-sorveglianza-integrata-COVID-19_15-settembre-2021.pdf,80+,vaccinati incompleto,104255,164,49,2,20,2021-08-28,2021-08-13,2021-09-12,2021-08-06,2021-09-05,2021-08-06,2021-09-05,2021-07-23,2021-08-22,4554385,0.02289112580513066,0.0015730660399980816,0.00047000143877991464,1.9183732195098557e-05,0.00019183732195098555
2021-09-15,2021-09-17,https://www.epicentro.iss.it/coronavirus/bollettino/Bollettino-sorveglianza-integrata-COVID-19_15-settembre-2021.pdf,80+,vaccinati completo,4168357,5116,1145,56,288,2021-08-28,2021-08-13,2021-09-12,2021-08-06,2021-09-05,2021-08-06,2021-09-05,2021-07-23,2021-08-22,4554385,0.915240367250463,0.0012273420918601742,0.00027468856434321727,1.3434549871808004e-05,6.909197076929831e-05
2021-09-22,2021-09-24,https://www.epicentro.iss.it/coronavirus/bollettino/Bollettino-sorveglianza-integrata-COVID-19_22-settembre-2021.pdf,12-39,non vaccinati,6122626,49207,1646,76,13,2021-09-04,2021-08-20,2021-09-19,2021-08-13,2021-09-12,2021-08-13,2021-09-12,2021-07-30,2021-08-29,17435555,0.35115750545365493,0.008036910959447793,0.0002688388936381219,1.2412974432865898e-05,2.1232719424639036e-06
2021-09-22,2021-09-24,https://www.epicentro.iss.it/coronavirus/bollettino/Bollettino-sorveglianza-integrata-COVID-19_22-settembre-2021.pdf,12-39,vaccinati incompleto,3199510,7216,80,1,1,2021-09-04,2021-08-20,2021-09-19,2021-08-13,2021-09-12,2021-08-13,2021-09-12,2021-07-30,2021-08-29,17435555,0.1835049128060449,0.0022553453497566817,2.5003828711271414e-05,3.1254785889089267e-07,3.1254785889089267e-07
2021-09-22,2021-09-24,https://www.epicentro.iss.it/coronavirus/bollettino/Bollettino-sorveglianza-integrata-COVID-19_22-settembre-2021.pdf,12-39,vaccinati completo,8113419,11040,118,4,2,2021-09-04,2021-08-20,2021-09-19,2021-08-13,2021-09-12,2021-08-13,2021-09-12,2021-07-30,2021-08-29,17435555,0.4653375817403002,0.0013607087221798849,1.4543806994313988e-05,4.930104065869149e-07,2.4650520329345744e-07
2021-09-22,2021-09-24,https://www.epicentro.iss.it/coronavirus/bollettino/Bollettino-sorveglianza-integrata-COVID-19_22-settembre-2021.pdf,40-59,non vaccinati,4469554,26851,2539,300,127,2021-09-04,2021-08-20,2021-09-19,2021-08-13,2021-09-12,2021-08-13,2021-09-12,2021-07-30,2021-08-29,18438657,0.24240127683919713,0.006007534532528301,0.0005680656280246306,6.712079102299692e-05,2.8414468199735366e-05
2021-09-22,2021-09-24,https://www.epicentro.iss.it/coronavirus/bollettino/Bollettino-sorveglianza-integrata-COVID-19_22-settembre-2021.pdf,40-59,vaccinati incompleto,1372996,3406,109,7,5,2021-09-04,2021-08-20,2021-09-19,2021-08-13,2021-09-12,2021-08-13,2021-09-12,2021-07-30,2021-08-29,18438657,0.07446290692429497,0.0024807064259473443,7.93884323042456e-05,5.098339689263479e-06,3.641671206616771e-06
2021-09-22,2021-09-24,https://www.epicentro.iss.it/coronavirus/bollettino/Bollettino-sorveglianza-integrata-COVID-19_22-settembre-2021.pdf,40-59,vaccinati completo,12596107,16128,304,17,16,2021-09-04,2021-08-20,2021-09-19,2021-08-13,2021-09-12,2021-08-13,2021-09-12,2021-07-30,2021-08-29,18438657,0.6831358162365079,0.001280395601593413,2.413444090305044e-05,1.3496233399732155e-06,1.270233731739497e-06
2021-09-22,2021-09-24,https://www.epicentro.iss.it/coronavirus/bollettino/Bollettino-sorveglianza-integrata-COVID-19_22-settembre-2021.pdf,60-79,non vaccinati,1705446,8275,1883,355,399,2021-09-04,2021-08-20,2021-09-19,2021-08-13,2021-09-12,2021-08-13,2021-09-12,2021-07-30,2021-08-29,13572779,0.12565193907599911,0.0048521032035021925,0.0011041100099328856,0.00020815669332245056,0.00023395639615678246
2021-09-22,2021-09-24,https://www.epicentro.iss.it/coronavirus/bollettino/Bollettino-sorveglianza-integrata-COVID-19_22-settembre-2021.pdf,60-79,vaccinati incompleto,422136,957,129,16,34,2021-09-04,2021-08-20,2021-09-19,2021-08-13,2021-09-12,2021-08-13,2021-09-12,2021-07-30,2021-08-29,13572779,0.03110166311556388,0.0022670419011882425,0.00030558872022286656,3.790247692686717e-05,8.054276346959274e-05
2021-09-22,2021-09-24,https://www.epicentro.iss.it/coronavirus/bollettino/Bollettino-sorveglianza-integrata-COVID-19_22-settembre-2021.pdf,60-79,vaccinati completo,11445197,11646,827,95,127,2021-09-04,2021-08-20,2021-09-19,2021-08-13,2021-09-12,2021-08-13,2021-09-12,2021-07-30,2021-08-29,13572779,0.843246397808437,0.0010175447395095079,7.225738447315498e-05,8.300425060398698e-06,1.109635771232247e-05
2021-09-22,2021-09-24,https://www.epicentro.iss.it/coronavirus/bollettino/Bollettino-sorveglianza-integrata-COVID-19_22-settembre-2021.pdf,80+,non vaccinati,283500,1800,714,44,338,2021-09-04,2021-08-20,2021-09-19,2021-08-13,2021-09-12,2021-08-13,2021-09-12,2021-07-30,2021-08-29,4562910,0.06213140298625219,0.006349206349206349,0.0025185185185185185,0.00015520282186948854,0.0011922398589065256
2021-09-22,2021-09-24,https://www.epicentro.iss.it/coronavirus/bollettino/Bollettino-sorveglianza-integrata-COVID-19_22-settembre-2021.pdf,80+,vaccinati incompleto,101926,156,49,2,17,2021-09-04,2021-08-20,2021-09-19,2021-08-13,2021-09-12,2021-08-13,2021-09-12,2021-07-30,2021-08-29,4562910,0.022337937851064343,0.0015305221435158842,0.0004807409296940918,1.9622078763024155e-05,0.00016678766948570532
2021-09-22,2021-09-24,https://www.epicentro.iss.it/coronavirus/bollettino/Bollettino-sorveglianza-integrata-COVID-19_22-settembre-2021.pdf,80+,vaccinati completo,4177484,5236,1207,57,364,2021-09-04,2021-08-20,2021-09-19,2021-08-13,2021-09-12,2021-08-13,2021-09-12,2021-07-30,2021-08-29,4562910,0.9155306591626835,0.0012533860093778934,0.00028892989177217677,1.364457649628341e-05,8.71337867481958e-05
2021-09-29,2021-10-01,https://www.epicentro.iss.it/coronavirus/bollettino/Bollettino-sorveglianza-integrata-COVID-19_29-settembre-2021.pdf,12-39,non vaccinati,5623726,38923,1427,67,15,2021-09-11,2021-08-27,2021-09-26,2021-08-20,2021-09-19,2021-08-20,2021-09-19,2021-08-06,2021-09-05,17435555,0.3225435611312631,0.006921212022065086,0.0002537463596199388,1.1913809456577365e-05,2.667270773860604e-06
2021-09-29,2021-10-01,https://www.epicentro.iss.it/coronavirus/bollettino/Bollettino-sorveglianza-integrata-COVID-19_29-settembre-2021.pdf,12-39,vaccinati incompleto,3040444,5571,75,1,1,2021-09-11,2021-08-27,2021-09-26,2021-08-20,2021-09-19,2021-08-20,2021-09-19,2021-08-06,2021-09-05,17435555,0.17438183069021893,0.0018322981775030225,2.466744988560881e-05,3.288993318081175e-07,3.288993318081175e-07
2021-09-29,2021-10-01,https://www.epicentro.iss.it/coronavirus/bollettino/Bollettino-sorveglianza-integrata-COVID-19_29-settembre-2021.pdf,12-39,vaccinati completo,8771385,9701,102,4,2,2021-09-11,2021-08-27,2021-09-26,2021-08-20,2021-09-19,2021-08-20,2021-09-19,2021-08-06,2021-09-05,17435555,0.503074608178518,0.0011059826925850366,1.1628722259939564e-05,4.560283239191986e-07,2.280141619595993e-07
2021-09-29,2021-10-01,https://www.epicentro.iss.it/coronavirus/bollettino/Bollettino-sorveglianza-integrata-COVID-19_29-settembre-2021.pdf,40-59,non vaccinati,4250568,22971,2310,277,135,2021-09-11,2021-08-27,2021-09-26,2021-08-20,2021-09-19,2021-08-20,2021-09-19,2021-08-06,2021-09-05,18438657,0.23052481533768973,0.005404218918506891,0.0005434567803644125,6.516776110863301e-05,3.1760461190128e-05
2021-09-29,2021-10-01,https://www.epicentro.iss.it/coronavirus/bollettino/Bollettino-sorveglianza-integrata-COVID-19_29-settembre-2021.pdf,40-59,vaccinati incompleto,1285015,2808,91,6,5,2021-09-11,2021-08-27,2021-09-26,2021-08-20,2021-09-19,2021-08-20,2021-09-19,2021-08-06,2021-09-05,18438657,0.06969135550382005,0.002185188499745139,7.08162939732221e-05,4.6692061960366225e-06,3.891005163363852e-06
2021-09-29,2021-10-01,https://www.epicentro.iss.it/coronavirus/bollettino/Bollettino-sorveglianza-integrata-COVID-19_29-settembre-2021.pdf,40-59,vaccinati completo,12903074,14602,307,17,16,2021-09-11,2021-08-27,2021-09-26,2021-08-20,2021-09-19,2021-08-20,2021-09-19,2021-08-06,2021-09-05,18438657,0.6997838291584902,0.0011316683140777152,2.3792779922055783e-05,1.3175155005698643e-06,1.2400145887716368e-06
2021-09-29,2021-10-01,https://www.epicentro.iss.it/coronavirus/bollettino/Bollettino-sorveglianza-integrata-COVID-19_29-settembre-2021.pdf,60-79,non vaccinati,1637926,7353,1750,335,425,2021-09-11,2021-08-27,2021-09-26,2021-08-20,2021-09-19,2021-08-20,2021-09-19,2021-08-06,2021-09-05,13572779,0.12067727618640221,0.00448921379842557,0.0010684243366305927,0.00020452694444071345,0.00025947448175314393
2021-09-29,2021-10-01,https://www.epicentro.iss.it/coronavirus/bollettino/Bollettino-sorveglianza-integrata-COVID-19_29-settembre-2021.pdf,60-79,vaccinati incompleto,383531,760,113,14,33,2021-09-11,2021-08-27,2021-09-26,2021-08-20,2021-09-19,2021-08-20,2021-09-19,2021-08-06,2021-09-05,13572779,0.02825736719060997,0.001981586886066576,0.00029463068174410934,3.650291632227903e-05,8.604258847394343e-05
2021-09-29,2021-10-01,https://www.epicentro.iss.it/coronavirus/bollettino/Bollettino-sorveglianza-integrata-COVID-19_29-settembre-2021.pdf,60-79,vaccinati completo,11551322,10901,834,99,145,2021-09-11,2021-08-27,2021-09-26,2021-08-20,2021-09-19,2021-08-20,2021-09-19,2021-08-06,2021-09-05,13572779,0.8510653566229878,0.0009437015087970017,7.219952833104297e-05,8.570447607641792e-06,1.2552675788970302e-05
2021-09-29,2021-10-01,https://www.epicentro.iss.it/coronavirus/bollettino/Bollettino-sorveglianza-integrata-COVID-19_29-settembre-2021.pdf,80+,non vaccinati,274400,1653,673,38,352,2021-09-11,2021-08-27,2021-09-26,2021-08-20,2021-09-19,2021-08-20,2021-09-19,2021-08-06,2021-09-05,4562910,0.060137061655829285,0.006024052478134111,0.0024526239067055393,0.00013848396501457726,0.0012827988338192419
2021-09-29,2021-10-01,https://www.epicentro.iss.it/coronavirus/bollettino/Bollettino-sorveglianza-integrata-COVID-19_29-settembre-2021.pdf,80+,vaccinati incompleto,96496,145,51,0,18,2021-09-11,2021-08-27,2021-09-26,2021-08-20,2021-09-19,2021-08-20,2021-09-19,2021-08-06,2021-09-05,4562910,0.021147907804449355,0.0015026529597081744,0.0005285193168628751,0.0,0.00018653622948101476
2021-09-29,2021-10-01,https://www.epicentro.iss.it/coronavirus/bollettino/Bollettino-sorveglianza-integrata-COVID-19_29-settembre-2021.pdf,80+,vaccinati completo,4192014,4856,1175,54,402,2021-09-11,2021-08-27,2021-09-26,2021-08-20,2021-09-19,2021-08-20,2021-09-19,2021-08-06,2021-09-05,4562910,0.9187150305397214,0.0011583930778857133,0.0002802948654274532,1.288163636858083e-05,9.589662629943508e-05
2021-10-06,2021-10-08,https://www.epicentro.iss.it/coronavirus/bollettino/Bollettino-sorveglianza-integrata-COVID-19_6-ottobre-2021.pdf,12-39,non vaccinati,5097573,30097,1162,52,16,2021-09-18,2021-09-03,2021-10-03,2021-08-27,2021-09-26,2021-08-27,2021-09-26,2021-08-13,2021-09-12,17435555,0.2923665464047459,0.005904182245158628,0.0002279516154059981,1.0200932875311447e-05,3.1387485770189067e-06
2021-10-06,2021-10-08,https://www.epicentro.iss.it/coronavirus/bollettino/Bollettino-sorveglianza-integrata-COVID-19_6-ottobre-2021.pdf,12-39,vaccinati incompleto,2765520,4044,63,1,1,2021-09-18,2021-09-03,2021-10-03,2021-08-27,2021-09-26,2021-08-27,2021-09-26,2021-08-13,2021-09-12,17435555,0.1586138210111465,0.0014622928056929618,2.2780525904712315e-05,3.6159564928114787e-07,3.6159564928114787e-07
2021-10-06,2021-10-08,https://www.epicentro.iss.it/coronavirus/bollettino/Bollettino-sorveglianza-integrata-COVID-19_6-ottobre-2021.pdf,12-39,vaccinati completo,9572462,8696,89,2,2,2021-09-18,2021-09-03,2021-10-03,2021-08-27,2021-09-26,2021-08-27,2021-09-26,2021-08-13,2021-09-12,17435555,0.5490196325841076,0.0009084392291136804,9.297503609834127e-06,2.0893266538953093e-07,2.0893266538953093e-07
2021-10-06,2021-10-08,https://www.epicentro.iss.it/coronavirus/bollettino/Bollettino-sorveglianza-integrata-COVID-19_6-ottobre-2021.pdf,40-59,non vaccinati,4013196,18899,1938,234,127,2021-09-18,2021-09-03,2021-10-03,2021-08-27,2021-09-26,2021-08-27,2021-09-26,2021-08-13,2021-09-12,18438516,0.21765287401654232,0.004709214302017644,0.0004829068901693314,5.8307643085461066e-05,3.164560116176733e-05
2021-10-06,2021-10-08,https://www.epicentro.iss.it/coronavirus/bollettino/Bollettino-sorveglianza-integrata-COVID-19_6-ottobre-2021.pdf,40-59,vaccinati incompleto,1202803,2185,83,5,2,2021-09-18,2021-09-03,2021-10-03,2021-08-27,2021-09-26,2021-08-27,2021-09-26,2021-08-13,2021-09-12,18438516,0.0652331782015429,0.0018165900816675714,6.900548136311599e-05,4.1569567086214455e-06,1.662782683448578e-06
2021-10-06,2021-10-08,https://www.epicentro.iss.it/coronavirus/bollettino/Bollettino-sorveglianza-integrata-COVID-19_6-ottobre-2021.pdf,40-59,vaccinati completo,13222517,13201,258,20,12,2021-09-18,2021-09-03,2021-10-03,2021-08-27,2021-09-26,2021-08-27,2021-09-26,2021-08-13,2021-09-12,18438516,0.7171139477819147,0.0009983727001447607,1.9512170035402488e-05,1.5125713205738363e-06,9.075427923443017e-07
2021-10-06,2021-10-08,https://www.epicentro.iss.it/coronavirus/bollettino/Bollettino-sorveglianza-integrata-COVID-19_6-ottobre-2021.pdf,60-79,non vaccinati,1567153,6396,1535,282,402,2021-09-18,2021-09-03,2021-10-03,2021-08-27,2021-09-26,2021-08-27,2021-09-26,2021-08-13,2021-09-12,13572779,0.11546294240847803,0.004081286256032436,0.0009794831774561897,0.00017994414074439446,0.00025651611552924316
2021-10-06,2021-10-08,https://www.epicentro.iss.it/coronavirus/bollettino/Bollettino-sorveglianza-integrata-COVID-19_6-ottobre-2021.pdf,60-79,vaccinati incompleto,362428,588,83,8,27,2021-09-18,2021-09-03,2021-10-03,2021-08-27,2021-09-26,2021-08-27,2021-09-26,2021-08-13,2021-09-12,13572779,0.026702564006973073,0.001622391205977463,0.00022901100356484598,2.2073349741189975e-05,7.449755537651617e-05
2021-10-06,2021-10-08,https://www.epicentro.iss.it/coronavirus/bollettino/Bollettino-sorveglianza-integrata-COVID-19_6-ottobre-2021.pdf,60-79,vaccinati completo,11643198,10032,794,96,153,2021-09-18,2021-09-03,2021-10-03,2021-08-27,2021-09-26,2021-08-27,2021-09-26,2021-08-13,2021-09-12,13572779,0.8578344935845489,0.0008616189469594179,6.81943225563973e-05,8.245157387171463e-06,1.3140719585804518e-05
2021-10-06,2021-10-08,https://www.epicentro.iss.it/coronavirus/bollettino/Bollettino-sorveglianza-integrata-COVID-19_6-ottobre-2021.pdf,80+,non vaccinati,264772,1416,589,36,343,2021-09-18,2021-09-03,2021-10-03,2021-08-27,2021-09-26,2021-08-27,2021-09-26,2021-08-13,2021-09-12,4563051,0.058025211640194245,0.005347997522396628,0.002224555466590123,0.000135966038704999,0.001295454202105963
2021-10-06,2021-10-08,https://www.epicentro.iss.it/coronavirus/bollettino/Bollettino-sorveglianza-integrata-COVID-19_6-ottobre-2021.pdf,80+,vaccinati incompleto,95434,135,49,1,18,2021-09-18,2021-09-03,2021-10-03,2021-08-27,2021-09-26,2021-08-27,2021-09-26,2021-08-13,2021-09-12,4563051,0.020914515310041463,0.0014145901879833182,0.0005134438460087599,1.047844583691347e-05,0.00018861202506444244
2021-10-06,2021-10-08,https://www.epicentro.iss.it/coronavirus/bollettino/Bollettino-sorveglianza-integrata-COVID-19_6-ottobre-2021.pdf,80+,vaccinati completo,4202845,4600,1127,55,413,2021-09-18,2021-09-03,2021-10-03,2021-08-27,2021-09-26,2021-08-27,2021-09-26,2021-08-13,2021-09-12,4563051,0.9210602730497643,0.0010944967040183494,0.00026815169248449564,1.3086373635002005e-05,9.82667692955605e-05
2021-10-13,2021-10-15,https://www.epicentro.iss.it/coronavirus/bollettino/Bollettino-sorveglianza-integrata-COVID-19_13-ottobre-2021.pdf,12-39,non vaccinati,4703532,23744,905,41,11,2021-09-25,2021-09-10,2021-10-10,2021-09-03,2021-10-03,2021-09-03,2021-10-03,2021-08-20,2021-09-19,17435555,0.2697666922561398,0.005048121284175381,0.0001924085984745081,8.716853632546776e-06,2.338668047756452e-06
2021-10-13,2021-10-15,https://www.epicentro.iss.it/coronavirus/bollettino/Bollettino-sorveglianza-integrata-COVID-19_13-ottobre-2021.pdf,12-39,vaccinati incompleto,2359444,2996,62,1,1,2021-09-25,2021-09-10,2021-10-10,2021-09-03,2021-10-03,2021-09-03,2021-10-03,2021-08-20,2021-09-19,17435555,0.13532371065905272,0.0012697906794990684,2.6277377212597545e-05,4.2382866471931523e-07,4.2382866471931523e-07
2021-10-13,2021-10-15,https://www.epicentro.iss.it/coronavirus/bollettino/Bollettino-sorveglianza-integrata-COVID-19_13-ottobre-2021.pdf,12-39,vaccinati completo,10372579,7964,96,1,1,2021-09-25,2021-09-10,2021-10-10,2021-09-03,2021-10-03,2021-09-03,2021-10-03,2021-08-20,2021-09-19,17435555,0.5949095970848075,0.0007677936220104952,9.255171736942183e-06,9.640803892648106e-08,9.640803892648106e-08
2021-10-13,2021-10-15,https://www.epicentro.iss.it/coronavirus/bollettino/Bollettino-sorveglianza-integrata-COVID-19_13-ottobre-2021.pdf,40-59,non vaccinati,3837158,15463,1568,198,105,2021-09-25,2021-09-10,2021-10-10,2021-09-03,2021-10-03,2021-09-03,2021-10-03,2021-08-20,2021-09-19,18438516,0.20810557639237345,0.004029805392428459,0.00040863576636667034,5.1600689885587196e-05,2.7364002212053817e-05
2021-10-13,2021-10-15,https://www.epicentro.iss.it/coronavirus/bollettino/Bollettino-sorveglianza-integrata-COVID-19_13-ottobre-2021.pdf,40-59,vaccinati incompleto,1063631,1729,69,4,1,2021-09-25,2021-09-10,2021-10-10,2021-09-03,2021-10-03,2021-09-03,2021-10-03,2021-08-20,2021-09-19,18438516,0.05768528226458138,0.0016255637528428562,6.48721220047178e-05,3.760702724911177e-06,9.401756812277943e-07
2021-10-13,2021-10-15,https://www.epicentro.iss.it/coronavirus/bollettino/Bollettino-sorveglianza-integrata-COVID-19_13-ottobre-2021.pdf,40-59,vaccinati completo,13537727,12075,247,19,12,2021-09-25,2021-09-10,2021-10-10,2021-09-03,2021-10-03,2021-09-03,2021-10-03,2021-08-20,2021-09-19,18438516,0.7342091413430452,0.000891951802544105,1.8245308093448776e-05,1.403485237957598e-06,8.864117292363778e-07
2021-10-13,2021-10-15,https://www.epicentro.iss.it/coronavirus/bollettino/Bollettino-sorveglianza-integrata-COVID-19_13-ottobre-2021.pdf,60-79,non vaccinati,1510299,5368,1312,248,335,2021-09-25,2021-09-10,2021-10-10,2021-09-03,2021-10-03,2021-09-03,2021-10-03,2021-08-20,2021-09-19,13572779,0.11127411711337819,0.003554263096247829,0.0008687021576522265,0.0001642058956537745,0.0002218103832419938
2021-10-13,2021-10-15,https://www.epicentro.iss.it/coronavirus/bollettino/Bollettino-sorveglianza-integrata-COVID-19_13-ottobre-2021.pdf,60-79,vaccinati incompleto,343780,505,64,7,25,2021-09-25,2021-09-10,2021-10-10,2021-09-03,2021-10-03,2021-09-03,2021-10-03,2021-08-20,2021-09-19,13572779,0.025328637561990806,0.001468962708709058,0.0001861655710047123,2.0361859328640408e-05,7.272092617371575e-05
2021-10-13,2021-10-15,https://www.epicentro.iss.it/coronavirus/bollettino/Bollettino-sorveglianza-integrata-COVID-19_13-ottobre-2021.pdf,60-79,vaccinati completo,11718700,9310,752,86,153,2021-09-25,2021-09-10,2021-10-10,2021-09-03,2021-10-03,2021-09-03,2021-10-03,2021-08-20,2021-09-19,13572779,0.863397245324631,0.0007944567230153515,6.417094046267931e-05,7.338697978444708e-06,1.3056055705837678e-05
2021-10-13,2021-10-15,https://www.epicentro.iss.it/coronavirus/bollettino/Bollettino-sorveglianza-integrata-COVID-19_13-ottobre-2021.pdf,80+,non vaccinati,256190,1215,489,28,324,2021-09-25,2021-09-10,2021-10-10,2021-09-03,2021-10-03,2021-09-03,2021-10-03,2021-08-20,2021-09-19,4563051,0.05614445247269864,0.004742573870955151,0.0019087396073226902,0.00010929388344588001,0.0012646863655880402
2021-10-13,2021-10-15,https://www.epicentro.iss.it/coronavirus/bollettino/Bollettino-sorveglianza-integrata-COVID-19_13-ottobre-2021.pdf,80+,vaccinati incompleto,95480,122,50,1,24,2021-09-25,2021-09-10,2021-10-10,2021-09-03,2021-10-03,2021-09-03,2021-10-03,2021-08-20,2021-09-19,4563051,0.020924596284372012,0.0012777545035609552,0.0005236698785085882,1.0473397570171764e-05,0.00025136154168412233
2021-10-13,2021-10-15,https://www.epicentro.iss.it/coronavirus/bollettino/Bollettino-sorveglianza-integrata-COVID-19_13-ottobre-2021.pdf,80+,vaccinati completo,4211381,4147,1038,49,412,2021-09-25,2021-09-10,2021-10-10,2021-09-03,2021-10-03,2021-09-03,2021-10-03,2021-08-20,2021-09-19,4563051,0.9229309512429293,0.000984712615647931,0.00024647496866229865,1.1635138212382114e-05,9.783014170411084e-05
2021-10-20,2021-10-22,https://www.epicentro.iss.it/coronavirus/bollettino/Bollettino-sorveglianza-integrata-COVID-19_20-ottobre-2021.pdf,12-39,non vaccinati,4435610,18282,694,39,7,2021-10-02,2021-09-17,2021-10-17,2021-09-10,2021-10-10,2021-09-10,2021-10-10,2021-08-27,2021-09-26,17435555,0.254400275758357,0.004121642795466689,0.00015646100536341112,8.792477246647022e-06,1.5781369417058758e-06
2021-10-20,2021-10-22,https://www.epicentro.iss.it/coronavirus/bollettino/Bollettino-sorveglianza-integrata-COVID-19_20-ottobre-2021.pdf,12-39,vaccinati incompleto,1920254,2230,47,2,3,2021-10-02,2021-09-17,2021-10-17,2021-09-10,2021-10-10,2021-09-10,2021-10-10,2021-08-27,2021-09-26,17435555,0.11013437771266817,0.0011613047023987452,2.4475928705265033e-05,1.0415288810751078e-06,1.5622933216126618e-06
2021-10-20,2021-10-22,https://www.epicentro.iss.it/coronavirus/bollettino/Bollettino-sorveglianza-integrata-COVID-19_20-ottobre-2021.pdf,12-39,vaccinati completo,11079691,7601,80,1,0,2021-10-02,2021-09-17,2021-10-17,2021-09-10,2021-10-10,2021-09-10,2021-10-10,2021-08-27,2021-09-26,17435555,0.6354653465289748,0.0006860299623879403,7.220417970140142e-06,9.025522462675177e-08,0.0
2021-10-20,2021-10-22,https://www.epicentro.iss.it/coronavirus/bollettino/Bollettino-sorveglianza-integrata-COVID-19_20-ottobre-2021.pdf,40-59,non vaccinati,3686874,12624,1185,153,79,2021-10-02,2021-09-17,2021-10-17,2021-09-10,2021-10-10,2021-09-10,2021-10-10,2021-08-27,2021-09-26,18438516,0.1999550289188132,0.003424038901248049,0.00032141049572076506,4.149857033356714e-05,2.1427366381384338e-05
2021-10-20,2021-10-22,https://www.epicentro.iss.it/coronavirus/bollettino/Bollettino-sorveglianza-integrata-COVID-19_20-ottobre-2021.pdf,40-59,vaccinati incompleto,923975,1342,58,3,1,2021-10-02,2021-09-17,2021-10-17,2021-09-10,2021-10-10,2021-09-10,2021-10-10,2021-08-27,2021-09-26,18438516,0.0501111369266377,0.001452420249465624,6.2772261154252e-05,3.2468410941854487e-06,1.082280364728483e-06
2021-10-20,2021-10-22,https://www.epicentro.iss.it/coronavirus/bollettino/Bollettino-sorveglianza-integrata-COVID-19_20-ottobre-2021.pdf,40-59,vaccinati completo,13827667,11499,218,15,8,2021-10-02,2021-09-17,2021-10-17,2021-09-10,2021-10-10,2021-09-10,2021-10-10,2021-08-27,2021-09-26,18438516,0.7499338341545491,0.000831593644828155,1.5765493918822314e-05,1.0847816916620858e-06,5.785502355531125e-07
2021-10-20,2021-10-22,https://www.epicentro.iss.it/coronavirus/bollettino/Bollettino-sorveglianza-integrata-COVID-19_20-ottobre-2021.pdf,60-79,non vaccinati,1458643,4301,1071,200,270,2021-10-02,2021-09-17,2021-10-17,2021-09-10,2021-10-10,2021-09-10,2021-10-10,2021-08-27,2021-09-26,13572779,0.10746826423682283,0.0029486310221212455,0.000734244088512405,0.00013711374201912324,0.0001851035517258164
2021-10-20,2021-10-22,https://www.epicentro.iss.it/coronavirus/bollettino/Bollettino-sorveglianza-integrata-COVID-19_20-ottobre-2021.pdf,60-79,vaccinati incompleto,320253,444,53,4,17,2021-10-02,2021-09-17,2021-10-17,2021-09-10,2021-10-10,2021-09-10,2021-10-10,2021-08-27,2021-09-26,13572779,0.023595241622957244,0.0013864038744367735,0.000165494156182768,1.2490124994925887e-05,5.308303122843502e-05
2021-10-20,2021-10-22,https://www.epicentro.iss.it/coronavirus/bollettino/Bollettino-sorveglianza-integrata-COVID-19_20-ottobre-2021.pdf,60-79,vaccinati completo,11793883,8636,701,83,139,2021-10-02,2021-09-17,2021-10-17,2021-09-10,2021-10-10,2021-09-10,2021-10-10,2021-08-27,2021-09-26,13572779,0.8689364941402199,0.0007322439946199229,5.9437591504002544e-05,7.037546497620843e-06,1.1785770640593941e-05
2021-10-20,2021-10-22,https://www.epicentro.iss.it/coronavirus/bollettino/Bollettino-sorveglianza-integrata-COVID-19_20-ottobre-2021.pdf,80+,non vaccinati,248105,987,446,22,280,2021-10-02,2021-09-17,2021-10-17,2021-09-10,2021-10-10,2021-09-10,2021-10-10,2021-08-27,2021-09-26,4563051,0.05437261165829617,0.003978154410431068,0.0017976260051188004,8.867213478164486e-05,0.0011285544426754802
2021-10-20,2021-10-22,https://www.epicentro.iss.it/coronavirus/bollettino/Bollettino-sorveglianza-integrata-COVID-19_20-ottobre-2021.pdf,80+,vaccinati incompleto,94972,111,39,1,21,2021-10-02,2021-09-17,2021-10-17,2021-09-10,2021-10-10,2021-09-10,2021-10-10,2021-08-27,2021-09-26,4563051,0.020813267263504177,0.0011687655308933158,0.0004106473486922461,1.052941919723708e-05,0.00022111780314197868
2021-10-20,2021-10-22,https://www.epicentro.iss.it/coronavirus/bollettino/Bollettino-sorveglianza-integrata-COVID-19_20-ottobre-2021.pdf,80+,vaccinati completo,4219974,3778,955,46,364,2021-10-02,2021-09-17,2021-10-17,2021-09-10,2021-10-10,2021-09-10,2021-10-10,2021-08-27,2021-09-26,4563051,0.9248141210781996,0.0008952661793650862,0.0002263047118299781,1.0900541093381144e-05,8.625645560849427e-05
2021-10-27,2021-10-29,https://www.epicentro.iss.it/coronavirus/bollettino/Bollettino-sorveglianza-integrata-COVID-19_27-ottobre-2021.pdf,12-39,non vaccinati,4131599,16714,557,31,4,2021-10-09,2021-09-24,2021-10-24,2021-09-17,2021-10-17,2021-09-17,2021-10-17,2021-09-03,2021-10-03,17435555,0.2369640083151927,0.00404540711719603,0.0001348146323009566,7.503148296821642e-06,9.681481673318248e-07
2021-10-27,2021-10-29,https://www.epicentro.iss.it/coronavirus/bollettino/Bollettino-sorveglianza-integrata-COVID-19_27-ottobre-2021.pdf,12-39,vaccinati incompleto,1588270,1725,38,3,3,2021-10-09,2021-09-24,2021-10-24,2021-09-17,2021-10-17,2021-09-17,2021-10-17,2021-09-03,2021-10-03,17435555,0.09109374493671123,0.0010860873780906269,2.3925403111561637e-05,1.8888476140706554e-06,1.8888476140706554e-06
2021-10-27,2021-10-29,https://www.epicentro.iss.it/coronavirus/bollettino/Bollettino-sorveglianza-integrata-COVID-19_27-ottobre-2021.pdf,12-39,vaccinati completo,11715686,8300,79,0,1,2021-10-09,2021-09-24,2021-10-24,2021-09-17,2021-10-17,2021-09-17,2021-10-17,2021-09-03,2021-10-03,17435555,0.6719422467480961,0.000708451899444898,6.743096392306861e-06,0.0,8.535565053552989e-08
2021-10-27,2021-10-29,https://www.epicentro.iss.it/coronavirus/bollettino/Bollettino-sorveglianza-integrata-COVID-19_27-ottobre-2021.pdf,40-59,non vaccinati,3459567,12266,989,111,58,2021-10-09,2021-09-24,2021-10-24,2021-09-17,2021-10-17,2021-09-17,2021-10-17,2021-09-03,2021-10-03,18438105,0.1876313753501241,0.003545530408863306,0.0002858739258410084,3.208494010955706e-05,1.6765103841029816e-05
2021-10-27,2021-10-29,https://www.epicentro.iss.it/coronavirus/bollettino/Bollettino-sorveglianza-integrata-COVID-19_27-ottobre-2021.pdf,40-59,vaccinati incompleto,875355,1176,42,4,2,2021-10-09,2021-09-24,2021-10-24,2021-09-17,2021-10-17,2021-09-17,2021-10-17,2021-09-03,2021-10-03,18438105,0.047475323521587495,0.0013434549411381668,4.798053361207739e-05,4.569574629721656e-06,2.284787314860828e-06
2021-10-27,2021-10-29,https://www.epicentro.iss.it/coronavirus/bollettino/Bollettino-sorveglianza-integrata-COVID-19_27-ottobre-2021.pdf,40-59,vaccinati completo,14103183,12623,192,16,10,2021-10-09,2021-09-24,2021-10-24,2021-09-17,2021-10-17,2021-09-17,2021-10-17,2021-09-03,2021-10-03,18438105,0.7648933011282883,0.0008950461750372239,1.3613948000249305e-05,1.134495666687442e-06,7.090597916796514e-07
2021-10-27,2021-10-29,https://www.epicentro.iss.it/coronavirus/bollettino/Bollettino-sorveglianza-integrata-COVID-19_27-ottobre-2021.pdf,60-79,non vaccinati,1399821,4207,910,170,222,2021-10-09,2021-09-24,2021-10-24,2021-09-17,2021-10-17,2021-09-17,2021-10-17,2021-09-03,2021-10-03,13572779,0.10313444284328213,0.0030053842598446517,0.0006500831177700578,0.00012144409892407672,0.0001585917056537943
2021-10-27,2021-10-29,https://www.epicentro.iss.it/coronavirus/bollettino/Bollettino-sorveglianza-integrata-COVID-19_27-ottobre-2021.pdf,60-79,vaccinati incompleto,304769,426,52,6,13,2021-10-09,2021-09-24,2021-10-24,2021-09-17,2021-10-17,2021-09-17,2021-10-17,2021-09-03,2021-10-03,13572779,0.02245442882404554,0.0013977799579353543,0.00017062102772919817,1.968704166106133e-05,4.2655256932299544e-05
2021-10-27,2021-10-29,https://www.epicentro.iss.it/coronavirus/bollettino/Bollettino-sorveglianza-integrata-COVID-19_27-ottobre-2021.pdf,60-79,vaccinati completo,11868189,9175,650,67,113,2021-10-09,2021-09-24,2021-10-24,2021-09-17,2021-10-17,2021-09-17,2021-10-17,2021-09-03,2021-10-03,13572779,0.8744111283326723,0.0007730749822066366,5.4768254870224936e-05,5.645343194315493e-06,9.521250462054489e-06
2021-10-27,2021-10-29,https://www.epicentro.iss.it/coronavirus/bollettino/Bollettino-sorveglianza-integrata-COVID-19_27-ottobre-2021.pdf,80+,non vaccinati,240500,941,389,20,227,2021-10-09,2021-09-24,2021-10-24,2021-09-17,2021-10-17,2021-09-17,2021-10-17,2021-09-03,2021-10-03,4563500,0.05270077791169059,0.003912681912681913,0.0016174636174636175,8.316008316008316e-05,0.0009438669438669438
2021-10-27,2021-10-29,https://www.epicentro.iss.it/coronavirus/bollettino/Bollettino-sorveglianza-integrata-COVID-19_27-ottobre-2021.pdf,80+,vaccinati incompleto,94801,94,39,1,22,2021-10-09,2021-09-24,2021-10-24,2021-09-17,2021-10-17,2021-09-17,2021-10-17,2021-09-03,2021-10-03,4563500,0.020773748219568313,0.0009915507220387971,0.00041138806552673497,1.0548411936582948e-05,0.00023206506260482486
2021-10-27,2021-10-29,https://www.epicentro.iss.it/coronavirus/bollettino/Bollettino-sorveglianza-integrata-COVID-19_27-ottobre-2021.pdf,80+,vaccinati completo,4228199,4033,894,45,337,2021-10-09,2021-09-24,2021-10-24,2021-09-17,2021-10-17,2021-09-17,2021-10-17,2021-09-03,2021-10-03,4563500,0.9265254738687411,0.0009538340082857974,0.0002114375411374914,1.0642829251887151e-05,7.970296573079933e-05
2021-11-03,2021-11-05,https://www.epicentro.iss.it/coronavirus/bollettino/Bollettino-sorveglianza-integrata-COVID-19_3-novembre-2021.pdf,12-39,non vaccinati,3851600,16805,486,30,4,2021-10-16,2021-10-01,2021-10-31,2021-09-24,2021-10-24,2021-09-24,2021-10-24,2021-09-10,2021-10-10,17435555,0.22090492674308332,0.004363121819503583,0.00012618132724062726,7.788970817322671e-06,1.0385294423096894e-06
2021-11-03,2021-11-05,https://www.epicentro.iss.it/coronavirus/bollettino/Bollettino-sorveglianza-integrata-COVID-19_3-novembre-2021.pdf,12-39,vaccinati incompleto,1387907,1478,31,2,3,2021-10-16,2021-10-01,2021-10-31,2021-09-24,2021-10-24,2021-09-24,2021-10-24,2021-09-10,2021-10-10,17435555,0.07960211189147692,0.0010649128507889938,2.2335790510459276e-05,1.4410187426102757e-06,2.1615281139154137e-06
2021-11-03,2021-11-05,https://www.epicentro.iss.it/coronavirus/bollettino/Bollettino-sorveglianza-integrata-COVID-19_3-novembre-2021.pdf,12-39,vaccinati completo,12196048,10123,90,0,3,2021-10-16,2021-10-01,2021-10-31,2021-09-24,2021-10-24,2021-09-24,2021-10-24,2021-09-10,2021-10-10,17435555,0.6994929613654397,0.0008300229713756456,7.379439634871886e-06,0.0,2.4598132116239624e-07
2021-11-03,2021-11-05,https://www.epicentro.iss.it/coronavirus/bollettino/Bollettino-sorveglianza-integrata-COVID-19_3-novembre-2021.pdf,40-59,non vaccinati,3246622,12924,940,99,53,2021-10-16,2021-10-01,2021-10-31,2021-09-24,2021-10-24,2021-09-24,2021-10-24,2021-09-10,2021-10-10,18438105,0.1760821949978048,0.003980752917955956,0.0002895317040296037,3.0493232658436985e-05,1.6324659908052124e-05
2021-11-03,2021-11-05,https://www.epicentro.iss.it/coronavirus/bollettino/Bollettino-sorveglianza-integrata-COVID-19_3-novembre-2021.pdf,40-59,vaccinati incompleto,876762,1163,32,2,2,2021-10-16,2021-10-01,2021-10-31,2021-09-24,2021-10-24,2021-09-24,2021-10-24,2021-09-10,2021-10-10,18438105,0.04755163288201255,0.0013264717220864955,3.649793216403083e-05,2.281120760251927e-06,2.281120760251927e-06
2021-11-03,2021-11-05,https://www.epicentro.iss.it/coronavirus/bollettino/Bollettino-sorveglianza-integrata-COVID-19_3-novembre-2021.pdf,40-59,vaccinati completo,14314721,15271,219,14,9,2021-10-16,2021-10-01,2021-10-31,2021-09-24,2021-10-24,2021-09-24,2021-10-24,2021-09-10,2021-10-10,18438105,0.7763661721201827,0.0010668038867121476,1.5298935969482045e-05,9.780141715650623e-07,6.287233960061115e-07
2021-11-03,2021-11-05,https://www.epicentro.iss.it/coronavirus/bollettino/Bollettino-sorveglianza-integrata-COVID-19_3-novembre-2021.pdf,60-79,non vaccinati,1349623,4614,895,174,169,2021-10-16,2021-10-01,2021-10-31,2021-09-24,2021-10-24,2021-09-24,2021-10-24,2021-09-10,2021-10-10,13572779,0.09943601085673022,0.003418732490480675,0.0006631481532250117,0.0001289248923588291,0.00012522015407265584
2021-11-03,2021-11-05,https://www.epicentro.iss.it/coronavirus/bollettino/Bollettino-sorveglianza-integrata-COVID-19_3-novembre-2021.pdf,60-79,vaccinati incompleto,295045,471,49,7,7,2021-10-16,2021-10-01,2021-10-31,2021-09-24,2021-10-24,2021-09-24,2021-10-24,2021-09-10,2021-10-10,13572779,0.021737994849838783,0.0015963666559338406,0.00016607636123303226,2.372519446186175e-05,2.372519446186175e-05
2021-11-03,2021-11-05,https://www.epicentro.iss.it/coronavirus/bollettino/Bollettino-sorveglianza-integrata-COVID-19_3-novembre-2021.pdf,60-79,vaccinati completo,11928111,11006,737,82,102,2021-10-16,2021-10-01,2021-10-31,2021-09-24,2021-10-24,2021-09-24,2021-10-24,2021-09-10,2021-10-10,13572779,0.878825994293431,0.0009226942975295921,6.178681603482731e-05,6.874516845123255e-06,8.551228270763074e-06
2021-11-03,2021-11-05,https://www.epicentro.iss.it/coronavirus/bollettino/Bollettino-sorveglianza-integrata-COVID-19_3-novembre-2021.pdf,80+,non vaccinati,235904,1055,375,16,190,2021-10-16,2021-10-01,2021-10-31,2021-09-24,2021-10-24,2021-09-24,2021-10-24,2021-09-10,2021-10-10,4563500,0.051693656184945765,0.004472158166033641,0.0015896296798697776,6.782419967444384e-05,0.0008054123711340206
2021-11-03,2021-11-05,https://www.epicentro.iss.it/coronavirus/bollettino/Bollettino-sorveglianza-integrata-COVID-19_3-novembre-2021.pdf,80+,vaccinati incompleto,93709,95,33,0,15,2021-10-16,2021-10-01,2021-10-31,2021-09-24,2021-10-24,2021-09-24,2021-10-24,2021-09-10,2021-10-10,4563500,0.020534458200942258,0.0010137766916731583,0.00035215400868646553,0.0,0.00016007000394839343
2021-11-03,2021-11-05,https://www.epicentro.iss.it/coronavirus/bollettino/Bollettino-sorveglianza-integrata-COVID-19_3-novembre-2021.pdf,80+,vaccinati completo,4233887,4591,991,44,309,2021-10-16,2021-10-01,2021-10-31,2021-09-24,2021-10-24,2021-09-24,2021-10-24,2021-09-10,2021-10-10,4563500,0.927771885614112,0.0010843463701322212,0.00023406387558288637,1.0392341600047428e-05,7.298258078215125e-05
2021-11-10,2021-11-12,https://www.epicentro.iss.it/coronavirus/bollettino/Bollettino-sorveglianza-integrata-COVID-19_10-novembre-2021.pdf,12-39,non vaccinati,3649047,18568,475,30,3,2021-10-23,2021-10-08,2021-11-07,2021-10-01,2021-10-31,2021-10-01,2021-10-31,2021-09-17,2021-10-17,17435555,0.20928768828981928,0.005088451861540835,0.00013017097340757737,8.221324636268044e-06,8.221324636268044e-07
2021-11-10,2021-11-12,https://www.epicentro.iss.it/coronavirus/bollettino/Bollettino-sorveglianza-integrata-COVID-19_10-novembre-2021.pdf,12-39,vaccinati incompleto,1281842,1513,22,1,2,2021-10-23,2021-10-08,2021-11-07,2021-10-01,2021-10-31,2021-10-01,2021-10-31,2021-09-17,2021-10-17,17435555,0.07351885271217348,0.0011803326775062762,1.7162801655742283e-05,7.801273479882856e-07,1.5602546959765712e-06
2021-11-10,2021-11-12,https://www.epicentro.iss.it/coronavirus/bollettino/Bollettino-sorveglianza-integrata-COVID-19_10-novembre-2021.pdf,12-39,vaccinati completo <= 6 mesi,11871919,11624,78,0,2,2021-10-23,2021-10-08,2021-11-07,2021-10-01,2021-10-31,2021-10-01,2021-10-31,2021-09-17,2021-10-17,17435555,0.6809028447904296,0.0009791171924269362,6.570125689031402e-06,0.0,1.6846476125721545e-07
2021-11-10,2021-11-12,https://www.epicentro.iss.it/coronavirus/bollettino/Bollettino-sorveglianza-integrata-COVID-19_10-novembre-2021.pdf,12-39,vaccinati completo > 6 mesi,620294,1535,18,0,0,2021-10-23,2021-10-08,2021-11-07,2021-10-01,2021-10-31,2021-10-01,2021-10-31,2021-09-17,2021-10-17,17435555,0.03557638400383584,0.0024746329966112844,2.9018497680132324e-05,0.0,0.0
2021-11-10,2021-11-12,https://www.epicentro.iss.it/coronavirus/bollettino/Bollettino-sorveglianza-integrata-COVID-19_10-novembre-2021.pdf,12-39,vaccinati completo + aggiuntiva/booster,12453,21,1,0,0,2021-10-23,2021-10-08,2021-11-07,2021-10-01,2021-10-31,2021-10-01,2021-10-31,2021-09-17,2021-10-17,17435555,0.000714230203741722,0.0016863406408094434,8.030193527664017e-05,0.0,0.0
2021-11-10,2021-11-12,https://www.epicentro.iss.it/coronavirus/bollettino/Bollettino-sorveglianza-integrata-COVID-19_10-novembre-2021.pdf,40-59,non vaccinati,3102638,15027,991,106,47,2021-10-23,2021-10-08,2021-11-07,2021-10-01,2021-10-31,2021-10-01,2021-10-31,2021-09-17,2021-10-17,18437505,0.16827862555155917,0.004843297864591358,0.00031940561547947265,3.416447552050868e-05,1.5148399523244413e-05
2021-11-10,2021-11-12,https://www.epicentro.iss.it/coronavirus/bollettino/Bollettino-sorveglianza-integrata-COVID-19_10-novembre-2021.pdf,40-59,vaccinati incompleto,873639,1284,31,2,3,2021-10-23,2021-10-08,2021-11-07,2021-10-01,2021-10-31,2021-10-01,2021-10-31,2021-09-17,2021-10-17,18437505,0.04738379731964818,0.0014697146075209554,3.548376388874581e-05,2.289275089596504e-06,3.4339126343947556e-06
2021-11-10,2021-11-12,https://www.epicentro.iss.it/coronavirus/bollettino/Bollettino-sorveglianza-integrata-COVID-19_10-novembre-2021.pdf,40-59,vaccinati completo <= 6 mesi,13421801,17003,202,16,8,2021-10-23,2021-10-08,2021-11-07,2021-10-01,2021-10-31,2021-10-01,2021-10-31,2021-09-17,2021-10-17,18437505,0.7279618907221991,0.0012668195572263364,1.5050141184480383e-05,1.1920903908499313e-06,5.960451954249657e-07
2021-11-10,2021-11-12,https://www.epicentro.iss.it/coronavirus/bollettino/Bollettino-sorveglianza-integrata-COVID-19_10-novembre-2021.pdf,40-59,vaccinati completo > 6 mesi,991158,2604,50,1,1,2021-10-23,2021-10-08,2021-11-07,2021-10-01,2021-10-31,2021-10-01,2021-10-31,2021-09-17,2021-10-17,18437505,0.053757707455536964,0.002627229967371499,5.044604392034368e-05,1.0089208784068737e-06,1.0089208784068737e-06
2021-11-10,2021-11-12,https://www.epicentro.iss.it/coronavirus/bollettino/Bollettino-sorveglianza-integrata-COVID-19_10-novembre-2021.pdf,40-59,vaccinati completo + aggiuntiva/booster,48269,48,1,0,0,2021-10-23,2021-10-08,2021-11-07,2021-10-01,2021-10-31,2021-10-01,2021-10-31,2021-09-17,2021-10-17,18437505,0.0026179789510565555,0.0009944270649899522,2.0717230520624004e-05,0.0,0.0
2021-11-10,2021-11-12,https://www.epicentro.iss.it/coronavirus/bollettino/Bollettino-sorveglianza-integrata-COVID-19_10-novembre-2021.pdf,60-79,non vaccinati,1318627,5364,985,208,149,2021-10-23,2021-10-08,2021-11-07,2021-10-01,2021-10-31,2021-10-01,2021-10-31,2021-09-17,2021-10-17,13572779,0.09715232230628672,0.0040678675622446685,0.0007469891030594702,0.00015773983089986782,0.000112996321173463
2021-11-10,2021-11-12,https://www.epicentro.iss.it/coronavirus/bollettino/Bollettino-sorveglianza-integrata-COVID-19_10-novembre-2021.pdf,60-79,vaccinati incompleto,288838,551,56,6,9,2021-10-23,2021-10-08,2021-11-07,2021-10-01,2021-10-31,2021-10-01,2021-10-31,2021-09-17,2021-10-17,13572779,0.02128068246009163,0.0019076437310880147,0.0001938803066078563,2.077288999369889e-05,3.115933499054833e-05
2021-11-10,2021-11-12,https://www.epicentro.iss.it/coronavirus/bollettino/Bollettino-sorveglianza-integrata-COVID-19_10-novembre-2021.pdf,60-79,vaccinati completo <= 6 mesi,11377414,12680,830,92,75,2021-10-23,2021-10-08,2021-11-07,2021-10-01,2021-10-31,2021-10-01,2021-10-31,2021-09-17,2021-10-17,13572779,0.8382523578995871,0.0011144887581659593,7.295155120486958e-05,8.086196037166267e-06,6.592007638994239e-06
2021-11-10,2021-11-12,https://www.epicentro.iss.it/coronavirus/bollettino/Bollettino-sorveglianza-integrata-COVID-19_10-novembre-2021.pdf,60-79,vaccinati completo > 6 mesi,496394,1202,63,7,8,2021-10-23,2021-10-08,2021-11-07,2021-10-01,2021-10-31,2021-10-01,2021-10-31,2021-09-17,2021-10-17,13572779,0.03657276081781041,0.002421463595450388,0.00012691531323908025,1.4101701471008917e-05,1.611623025258162e-05
2021-11-10,2021-11-12,https://www.epicentro.iss.it/coronavirus/bollettino/Bollettino-sorveglianza-integrata-COVID-19_10-novembre-2021.pdf,60-79,vaccinati completo + aggiuntiva/booster,91506,77,9,0,0,2021-10-23,2021-10-08,2021-11-07,2021-10-01,2021-10-31,2021-10-01,2021-10-31,2021-09-17,2021-10-17,13572779,0.006741876516224128,0.0008414748759644177,9.835420628155531e-05,0.0,0.0
2021-11-10,2021-11-12,https://www.epicentro.iss.it/coronavirus/bollettino/Bollettino-sorveglianza-integrata-COVID-19_10-novembre-2021.pdf,80+,non vaccinati,232553,1223,439,26,162,2021-10-23,2021-10-08,2021-11-07,2021-10-01,2021-10-31,2021-10-01,2021-10-31,2021-09-17,2021-10-17,4564103,0.05095261872924428,0.005259016224258556,0.001887741719091992,0.00011180247083460545,0.0006966153952002339
2021-11-10,2021-11-12,https://www.epicentro.iss.it/coronavirus/bollettino/Bollettino-sorveglianza-integrata-COVID-19_10-novembre-2021.pdf,80+,vaccinati incompleto,94295,118,35,0,13,2021-10-23,2021-10-08,2021-11-07,2021-10-01,2021-10-31,2021-10-01,2021-10-31,2021-09-17,2021-10-17,4564103,0.02066013847627891,0.0012513919083726602,0.0003711755660427382,0.0,0.00013786521024444561
2021-11-10,2021-11-12,https://www.epicentro.iss.it/coronavirus/bollettino/Bollettino-sorveglianza-integrata-COVID-19_10-novembre-2021.pdf,80+,vaccinati completo <= 6 mesi,2317784,2621,664,40,214,2021-10-23,2021-10-08,2021-11-07,2021-10-01,2021-10-31,2021-10-01,2021-10-31,2021-09-17,2021-10-17,4564103,0.50782903015116,0.0011308215088204942,0.000286480534855707,1.7257863545524517e-05,9.232956996855617e-05
2021-11-10,2021-11-12,https://www.epicentro.iss.it/coronavirus/bollettino/Bollettino-sorveglianza-integrata-COVID-19_10-novembre-2021.pdf,80+,vaccinati completo > 6 mesi,1776980,2747,487,21,76,2021-10-23,2021-10-08,2021-11-07,2021-10-01,2021-10-31,2021-10-01,2021-10-31,2021-09-17,2021-10-17,4564103,0.3893382774227488,0.00154588121419487,0.00027406048464248333,1.1817803239203592e-05,4.2769192675213e-05
2021-11-10,2021-11-12,https://www.epicentro.iss.it/coronavirus/bollettino/Bollettino-sorveglianza-integrata-COVID-19_10-novembre-2021.pdf,80+,vaccinati completo + aggiuntiva/booster,142491,140,6,1,0,2021-10-23,2021-10-08,2021-11-07,2021-10-01,2021-10-31,2021-10-01,2021-10-31,2021-09-17,2021-10-17,4564103,0.031219935220567985,0.0009825181941315593,4.210792260563825e-05,7.017987100939708e-06,0.0
